음식이름,할인율,최종 금액,초기 금액,상품 설명,무게,칼로리
한우 우거지탕 (2인분),0%,"13,000",0,"

                                    From. 밥상주치의 그리팅


",800g,330kcal
가자미미역국,5%,"7,980","8,400","깊고 시원한 국물로 밥 한 공기 깨끗이 비워 줄, 가자미 미역국을 소개해요. 고소한 국물은 물론, 담백하고 부드러운 가자미 살이 미식의 즐거움을 선사해 준답니다. 간편하게 끓여만 주면, 고급 한정식 맛집에서 맛보던 미역국을 이제 우리 집에서도 만나 볼 수 있을 거예요.*드시기 편하도록 살만 포를 떠 조리하였으나, 간혹 잔가시가 있을 수 있으니 주의해 주세요 
                            	
                                
                                    From. 밥상주치의 그리팅


",230g,275kcal
쑥국,10%,"6,300","7,000","우리 집 식탁에 향긋한 봄 내음을 선사해 줄 쑥국을 준비했어요. 국에는 제철 국산 쑥을 가득 담아 담백하게 끓여 냈어요. 향긋하게 피어오르는 쑥 내음이 기분 좋은 식사를 완성해 줄 거예요. 몸도 마음도 봄 기운으로 가득 채워 줄 쑥국을 지금 만나 보세요. 
                            	
                                
                                    From. 밥상주치의 그리팅


",550g,50kcal
얼큰 소고기무국,0%,"8,500",0,"칼칼한 감칠맛으로 든든한 한상을 완성해 줄 소고기 무국을 소개해요. 두툼한 소고기는 먹기 좋게 손질한 뒤, 국산 무와 대파를 넣어 시원함을 더했어요. 얼큰한 소고기 무국 한 그릇이면 별다른 반찬 없이도 밥 한 그릇 뚝딱 비울 수 있을 거예요. 따끈하게 데우면 속 풀리는 시원한 무국이 완성된답니다. 
                            	
                                
                                    From. 밥상주치의 그리팅


",550g,205kcal
양해장국,0%,"10,500",0,"해장이 필요한 순간, 언제든 간편히 해 먹을 수 있는 얼큰한 양해장국을 소개해요. 소고기 육수로 깊은 맛을 내었고 국산 얼갈이 배추를 사용해 담백함을 더했어요. 뜨끈한 국물 한 술 뜨면 시원하다는 말이 절로 나올 거예요. 든든한 양해장국 한 그릇으로 맛있는 한 상을 만나 보세요. 
                            	
                                
                                    From. 밥상주치의 그리팅


",700g,440kcal
양지 설렁탕,0%,"12,000",0,"뜨거운 김이 모락모락 올라오는 뚝배기 위, 톡 하고 흩뿌려진 파. 잘 익은 깍두기와 함께 먹으면 더할 나위 없이 행복해지는 양지 설렁탕입니다. 밥알 사이사이를 적시는 뽀얀 사골 국물을 한 입에 넣고 먹으면 추위는 사라지고 개운함만 남아요. 부드럽게 삶긴 양지 고명을 한껏 얹어내는 것도 잊지 않았으니, 푸짐한 한 끼를 즐겨 보세요.  
                            	
                                
                                    From. 밥상주치의 그리팅


",700g,475kcal
황기 장각곰탕,0%,"11,000",0,"촉촉하고 큼직한 닭다리살이 통째 얹어져 보는 것만으로 든든해지는 황기 장각곰탕이에요. 닭 뼈를 푹 고아 낸 맑은 육수에 황기를 넣어 영양과 향긋한 풍미를 담았어요. 기력이 부족한 날, 손질할 필요 없이 푹 고아진 닭장각과 맑은 국물로 빠르게 기력을 충전해 보세요. 
                            	
                                
                                    From. 밥상주치의 그리팅


",810g,335kcal
콩나물냉국,10%,"4,950","5,500","입맛 없는 여름, 시원하게 속을 풀어줄 콩나물냉국입니다. 멸치, 황태를 우려낸 육수에 콩나물 삶은 물을 넣고 끓여 시원하면서도 깔끔한 감칠맛을 냈어요. 얇게 썬 청양고추가 들어가 칼칼한 맛까지 느낄 수 있답니다. 아삭한 콩나물의 식감이 살아있도록 조리 후 급속 냉동했어요. 완전 해동하지 않고 살얼음이 끼어 있는 상태로 차갑게 드시면 더욱 맛있어요. 
                            	
                                
                                    From. 밥상주치의 그리팅


",520g,60kcal
오이지 미역냉국,10%,"5,400","6,000","더운 여름, 새콤하게 입맛을 돋워줄 오이지 미역냉국입니다. 채소와 멸치, 다시마를 우린 육수로 진한 국물 맛을 냈어요. 꼬들꼬들한 국산 오이를 사용해 더욱 아삭한 식감을 느낄 수 있답니다. 완전 해동하지 않고 살얼음이 끼어 있는 상태로 차갑게 드시면 더욱 맛있어요. 
                            	
                                
                                    From. 밥상주치의 그리팅


",495g,35kcal
[그리팅 X 성산포바당] 제주 고사리 육개장,0%,"10,900",0,"

                                    From. 밥상주치의 그리팅


",550g,160kcal
[그리팅 X 성산포바당] 제주 몸국,0%,"9,500",0,"제주에서 나는 신선한 식재료로 어릴 적 고향의 맛을 재현하는 제주 향토 요리 전문점 '성산포바당'과 그리팅이 만나 당신의 식탁에 제주를 선물합니다. 푹 고아낸 돼지고기 육수에 제주 바다에서 채취해 깨끗하게 말린 모자반을 넣어 배지근하게 끓인 제주 향토음식, 몸국입니다. 성산 앞바다의 향을 머금은 몸국을 집에서도 간편하게 만나보세요.  
                            	
                                
                                    From. 밥상주치의 그리팅


",550g,125kcal
대파 육개장,0%,"12,000",0,"몸보신 음식으로 잘 알려진 육개장에 대파를 듬뿍 넣은 그리팅만의 육개장을 선보여요. 한우 뼈로 푹 우려낸 육수는 깊은 맛을 더하고 쭉쭉 찢은 소고기와 우삼겹으로 다양한 식감을 느낄 수 있어요. 숙주, 고사리 그리고 시원하고 때론 달달한 맛을 내는 대파를 썰어 넣어 다채롭게 구성했어요. 이제 집에서 간편하게 끓여낸 얼큰한 육개장 한 그릇으로 이열치열 기력을 회복해보세요. 
                            	
                                
                                    From. 밥상주치의 그리팅


",700g,255kcal
콩나물 김칫국 ,10%,"4,950","5,500","

                                    From. 밥상주치의 그리팅


",200g,130kcal
손질 황태무국,15%,"4,500","5,300","

                                    From. 밥상주치의 그리팅


",200g,105kcal
쇠고기 미역국,15%,"4,500","5,300","국산 미역과 소고기로 끓인 쇠고기 미역국입니다. 불포화지방산이 풍부한 참기름과 5년 숙성한 어간장으로 건강한 감칠맛을 냈어요. 깊은 국물 맛은 물론 철분, 칼슘 등 영양까지 풍부한 미역국으로 든든하게 밥심을 채워보세요. 
                            	
                                
                                    From. 밥상주치의 그리팅


",200g,180kcal
소고기 해장국 (2인분),0%,"12,000",0,"진한 육수에 무, 배추를 넣고 한 번 더 푹 고아낸 담백한 해장국이에요. 결대로 부드럽게 찢은 소고기와 우거지, 얼갈이배추를 듬뿍 넣어 시원해요. 5년 숙성 어간장으로 간을 맞추고 고춧가루로 매콤함을 더했어요. 이제 집에서 간편하게 끓여내 한 그릇 뚝딱 든든하게 드셔보세요. 
                            	
                                
                                    From. 밥상주치의 그리팅


",700g,445kcal
동치미냉만둣국,0%,"8,500",0,"진한 동치미 육수로 입맛을 돋워 줄 시원한 냉만둣국을 준비했어요. 속이 꽉 찬 고기만두와 시원한 육수의 조화로움에 감탄하시게 될 꺼예요. 담백한 만두 한 점에 냉육수 한입 마시면 무더위도 금새 잊혀질만큼 이만한 여름 별미가 없답니다. 
                            	
                                
                                    From. 밥상주치의 그리팅


",526g,390kcal
[모두의맛집] 동신명가 떡만두국,20%,"7,200","9,000","서초동에 위치한 동신명가는 1964년 동두천에서의 인연을 시작으로 60년간 3대째 이어져 온 전통 있는 맛집이에요.6.25 전쟁 당시 피난을 내려와 동두천에 정착한 창업주 이응복 여사님은 만두를 빚으면서 고향인 사리원을 떠올렸어요. 피난 올 때 싸 들고 내려온 보따리 같다며 고향에 대한 그리움과 회환을 담은 보따리 만두 3알이 들어간 떡만두국이 탄생했답니다.60년 동안 3대째 내려져 온 동신명가만의 비법이 담긴 만두와 진한 사골육수, 푹 삶아 직접 찢은 부드러운 양지 고명과 고소한 김가루까지!2023년에는 계묘년 떡만두국 한 그릇 하며 따뜻한 새해를 맞이해보세요. 
                            	
                                
                                    From. 밥상주치의 그리팅


",889g,750kcal
건새우 시금치된장국,10%,"4,320","4,800","잘 데쳐진 시금치에서 나오는 달큰함은 맛본 사람들이 입을 모아 칭찬할 정도로 진하고 깊어요. 이 기분 좋은 달큰함을 배가시킬 국산 시금치와 재래 된장으로 건새우 시금치된장국을 끓여 냈어요. 구수한 재래 된장 국물에 폭 적셔진 시금치와 건새우로 모두의 입맛을 만족시킬 달큰한 식탁을 완성해 보세요. 
                            	
                                
                                    From. 밥상주치의 그리팅


",200g,80kcal
머릿고기를 넣은 돼지국밥,0%,"8,500",0,"괜스레 몸이 떨리고 속이 허한 새벽이면 꼭 생각나는 메뉴, 돼지국밥입니다. 국산 돼지를 진하게 우려 구수한 국물 맛을 내고, 새우젓으로 간을 해 감칠맛이 풍부해요. 국내산 돼지 머릿고기를 올려 잡내 없이 쫄깃함만 더했답니다. 기호에 따라 들깻가루나 소면 사리를 더해 드시면 기분 좋은 탄성이 자연스레 나올 거예요. 
                            	
                                
                                    From. 밥상주치의 그리팅


",270g,650kcal
쇠고기 무국,10%,"5,220","5,800","살캉한 무와 고소한 소고기를 넣고 담백하게  끓여낸 쇠고기무국입니다. 달큰한 무와 국산 야채로 맛을 내어 국물 맛이 깔끔하고, 5년 숙성 어간장으로 감칠맛을 더했어요. 맑은 국물이 생각나는 날, 간편하게 드시기 좋답니다. 
                            	
                                
                                    From. 밥상주치의 그리팅


",220g,160kcal
얼갈이 된장국,10%,"4,320","4,800","국산 얼갈이배추를 듬뿍 넣어 구수하게 끓여낸 얼갈이 된장국입니다. 5년 숙성 어간장과 재래된장으로 낸 깊은 국물 맛에 얼갈이배추의 달큰함이 어우러져 입맛을 돋워 줘요. 진한 농축 타입의 국으로 물만 넣고 끓이면 완성되니, 간편한 아침식사에도 제격이랍니다. 
                            	
                                
                                    From. 밥상주치의 그리팅


",200g,80kcal
오징어 무국,10%,"5,220","5,800","쫄깃한 식감의 오징어와 시원한 무의 조화는 그야말로 찰떡궁합이죠. 그리팅에선 탱글한 오징어를 듬뿍 담은 개운한 무국을 준비했어요. 오징어 무국에는 국산 고춧가루와 청양고추로 칼칼함을 더했고, 바지락 액기스와 숙성 어간장을 넣고 푹 끓여 깊은 맛을 살려냈어요. 시원한 국물 맛이 일품인 오징어무국으로 든든한 한 끼를 완성해 보세요.

                                    From. 밥상주치의 그리팅


",200g,95kcal
고기 듬뿍 콩비지찌개,5%,"11,870","12,500","100% 국산콩으로 만든 콩비지를 사용해 얼큰하게 끓여낸 비지찌개입니다. 무항생제 돼지고기와 김치를 볶아낸 후 담백한 콩비지를 듬뿍 넣어 뭉근하게 끓였어요. 매콤한 김치찌개에 고소한 콩비지가 더해져 매운맛은 중화되고, 깔끔한 감칠맛이 일품이죠. 몽글몽글 부드러운 식감은 속까지 편안하게 해준답니다. 
                            	
                                
                                    From. 밥상주치의 그리팅


",650g,355kcal
달래 넣은 소고기된장찌개,5%,"9,500","10,000","깊고 구수한 국물로 기분 좋은 한 상을 완성해 줄 소고기 된장찌개를 소개해요. 씹을수록 고소한 우삼겹은 물론 향긋한 달래를 듬뿍 넣고 끓였답니다. 깊은 맛의 찌개에 달래의 향취가 은은하게 녹아들어 입맛을 돋워줄 거예요. 소면 사리나 찬밥을 넣어 고깃집의 된장술밥처럼 드셔도 별미랍니다. 
                            	
                                
                                    From. 밥상주치의 그리팅


",600g,250kcal
미나리 얼큰소고기버섯전골,20%,"14,320","17,900","얼큰한 국물에 소고기의 고소함까지 한 번에 즐길 수 있는 전골 요리를 준비했어요. 멸치와 채소 육수로 낸 깊은 국물 맛에 신선한 국산 느타리버섯, 팽이버섯, 배추를 함께 넣어 보글보글 끓였어요. 국산 미나리도 가득 얹어 봄의 맛과 향을 함께 담았답니다. 뜨끈한 전골이 생각나는 날, 간편하게 조리해 밥과 함께 즐겨 보세요. 
                            	
                                
                                    From. 밥상주치의 그리팅


",950g,360kcal
부대찌개(사리면 증정),0%,"13,500",0,"좋은 재료들만 골라 푸짐하게 넣고 끓인 얼큰한 부대찌개를 준비했어요. 소고기 사골 베이스의 진한 국물 맛은 기분 좋은 감동을 선사해 줄 거예요. 푸짐한 재료들이 만들어 낸 깊은 국물 한 숟갈의 진가를 지금 느껴 보세요. 
                            	
                                
                                    From. 밥상주치의 그리팅


",947g,905kcal
뼈없는 감자탕 (2인분),0%,"10,000",0,"뼈 바르는 번거로움 없이 살코기를 그대로 즐길 수 있는 푸짐한 해장국입니다. 국내산 돼지고기 뼈를 푹 끓여내 깊은 국물 맛을 내고, 살코기는 포화 증기로 부드럽게 연화해 육질이 야들야들해요. 솥에서 진하게 우려낸 고소하고 얼큰한 감자탕의 맛 그대로를 느껴보세요.  
                            	
                                
                                    From. 밥상주치의 그리팅


",600g,215kcal
짜글이 찌개 700g,0%,"12,900",0,"할머니의 손맛이 느껴지는, 투박하지만 깊은 맛의 짜글이 찌개를 소개해요. 국산 돼지고기와 양파, 대파를 듬뿍 넣고 보리고추장 양념에 푹 끓여 냈어요. 푸짐한 건더기를 고슬고슬한 쌀밥 한 스푼에 얹어 한 입 넣으면, 짜글이만의 묵직하고 깊은 맛을 느낄 수 있을 거에요. 
                            	
                                
                                    From. 밥상주치의 그리팅


",700g,500kcal
동물복지 돼지고기 듬뿍 김치찌개 (2인분),5%,"11,870","12,500","다시마와 멸치로 낸 깔끔한 육수에 국산 김치를 큼직하게 썰어 넣고 푹 끓이다, 5년 숙성한 어간장으로 감칠맛을 더했어요. 국산 동물복지 돼지고기 앞다리살을 듬뿍 넣어 더 건강해요. 
                            	
                                
                                    From. 밥상주치의 그리팅


",700g,200kcal
[모두의맛집] 기와집순두부 순두부찌개 (2인분),10%,"14,400","16,000","Since 1995년 서초동 맛집인 '기와집순두부'의 순두부찌개를 소개해요.순두부찌개 밀키트는 집에서도 몽글몽글한 순두부의 식감을 느낄 수 있게 강릉 초당순두부를 사용했어요. 특제 다대기도 그대로 구현하기위해 레시피를 그대로 고집했답니다. 몽글몽글한 순두부에 해산물을 듬뿍 넣어 끓여낸 기와집순두부의 순두부찌개를 집에서 간편하게 밀키트로 만나보세요. 
                            	
                                
                                    From. 밥상주치의 그리팅


",1006g,665kcal
마늘 닭갈비,5%,"10,350","10,900","남도음식의 명인 이은경 셰프와 그리팅이 새롭게 선보이는 마늘 닭갈비를 소개합니다. 이은경 셰프는 한국 전통음식 특히 남도음식의 깊은 맛과 우수성의 대중화에 앞서는 남도음식의 명인인데요. 이은경 셰프만의 특급 양념 레시피로 탄생한 마늘 닭갈비는 무항생제 통닭다리살만을 사용하여 더욱 쫀득한 식감을 자랑해요. 알싸한 마늘의 풍미도 함께 느낄 수 있답니다. 입맛에 맞게 떡, 야채를 넣어 함께 볶아드시면 더욱 맛있게 드실 수 있어요. 
                            	
                                
                                    From. 밥상주치의 그리팅


",370g,625kcal
마라샹궈,10%,"7,650","8,500","마라 맛에 푹 빠진 분들을 위해 그리팅 표 마라샹궈를 준비했어요! 중국 사천 지방의 향신료인 마라는 저릴 마(痲), 매울 라(辣)의 한자만 봐도 얼얼한 맛이 느껴지는데요. 먹고 나면 또 생각나는 중독적인 마라샹궈를 이제 집에서 즐길 수 있답니다.알싸한 마라 소스에 굴소스로 감칠맛을 더해 풍미를 제대로 살렸어요. 마라 특유의 맵싸한 맛과 은은히 느껴지는 단맛의 조화가 일품이에요.마라샹궈에 빠질 수 없는 고소한 우삼겹을 듬뿍 담았어요. 신선한 국산 청경채, 배추, 양파 등 아삭한 채소로 다채로운 식감도 함께 즐길 수 있답니다. 쫄깃한 분모자와 납작 당면도 빠지지 않고 넣었으니 함께 드셔 보세요. 
                            	
                                
                                    From. 밥상주치의 그리팅


",300g,450kcal
부드러운 허브갈릭 폭립,0%,"22,000",0,"근사한 비주얼로 우리 집 식탁을 더욱 빛내 줄 허브갈릭 폭립을 소개해요. 살코기가 두툼하게 붙은 폭립은 통마늘과 허브의 향긋한 풍미가 어우러져 더욱 풍부한 맛을 느낄 수 있어요.그리팅만의 포화증기 기술로 뼈에 붙은 살코기를 쏙쏙 발라 먹는 재미는 물론, 부드러움은 더하고 잡내는 깔끔하게 잡았답니다. 고급 레스토랑에서 즐기던 폭립의 풍부한 맛을 이제 집에서도 재현해 보세요. 
                            	
                                
                                    From. 밥상주치의 그리팅


",600g,586kcal
등갈비김치찜,10%,"22,500","25,000","부드럽게 익은 김치에 두툼한 등갈비 한 점이면 금새 밥 한 공기 뚝딱이죠. 오늘은 매콤달콤한 양념이 배어 든 등갈비 김치찜을 소개해요.등갈비는 포화증기로 부드럽게 연화해 더욱 편하게 드실 수 있어요. 감칠맛 나는 양념에 몽글몽글한 순두부를 넣고 밥과 함께 비벼 먹으면 두 배 더 맛있게 즐길 수 있답니다. 
                            	
                                
                                    From. 밥상주치의 그리팅


",1000g,1040kcal
매운마늘등갈비찜,10%,"22,500","25,000","두툼한 살코기의 등갈비는 한 손에 잡고 쏙쏙 발라 먹는 재미가 있죠. 등갈비는 포화 증기로 부드럽게 연화하였고, 알싸한 국산 마늘을 듬뿍 넣어 진한 풍미를 더했어요.매콤한 양념을 고루 입은 등갈비에 자꾸만 손이 가 온 가족이 금세 한 그릇 뚝딱하실 거에요. 양념에 밥과 김가루를 넣어 주먹밥이나 볶음밥으로 활용해 드시면 더욱 푸짐하고 맛있게 즐길 수 있답니다.★그리팅 상품 중에 꽤 매운 편에 속해요, 구매시 참고해 주세요. 
                            	
                                
                                    From. 밥상주치의 그리팅


",950g,1670kcal
미나리 오삼불고기,10%,"14,850","16,500","따뜻한 봄을 맞아 제철 미나리를 넉넉하게 담은 오삼불고기를 준비했어요. 은은한 단맛을 내면서도 매콤한 오삼불고기는 남녀노소에게 환영받는 메인요리죠.오삼불고기는 팬에서 볶다가 마지막에 불을 끈 뒤, 미나리를 넣어 가볍게 섞어주세요. 잔열로 미나리를 살짝만 익혀주면 더욱 아삭하고 향긋한 미나리 본연의 맛을 느낄 수 있을 거예요. 
                            	
                                
                                    From. 밥상주치의 그리팅


",400g,645kcal
비프 토마토스튜,10%,"14,310","15,900","간단히 끓이기만 하면 고급 레스토랑 부럽지 않은 근사한 스튜 요리를 소개해요. 부채살은 와인에 연육해 더욱 부드럽고, 국산 양송이 등 신선한 채소를 푹 끓여내 깊은 풍미도 느낄 수 있어요. 비프 스튜 한 숟가락에 담긴 고기와 채소의 영양과 든든함으로 몸과 마음을 따뜻하게 채워보세요. 
                            	
                                
                                    From. 밥상주치의 그리팅


",450g,395kcal
저당 LA갈비,10%,"15,930","17,700","영롱하게 빛나는 윤기로 모두의 입맛을 사로잡을 저당 LA갈비를 소개해요. 그리팅에선 육질이 부드러운 블랙 앵거스 초이스 등급의 갈비를 엄선한 뒤, 특제 저당 양념에 푹 재웠어요. 달콤한 양념은 구기자, 배, 알룰로스로 자연의 단맛을 내었답니다. 숙성된 양념의 감칠맛과 진한 육향이 입맛을 톡톡히 돋워줄 거예요. 
                            	
                                
                                    From. 밥상주치의 그리팅


",400g,560kcal
감바스 알아히요&파스타,10%,"13,050","14,500","통통한 새우와 풍미 가득한 알마늘의 조화로운 만남! 스타일리시한 술안주로도, 간편한 브런치로도 제격인 감바스를 준비했어요. 알마늘은 오븐에 한 번 구워내 마늘향 풍미를 가득 느낄 수 있어요. 시즈닝한 양념 새우도 일품이랍니다. 브로콜리와 토마토, 양파를 넣었으니 다양한 식감까지 함께 즐겨 보세요. 마늘향의 깊은 풍미가 매력적인 감바스 소스에 바게트나 파스타를 취향에 따라 곁들여 드셔 보세요. 근사한 식사를 집에서도 손쉽게 즐길 수 있을 거예요. 
                            	
                                
                                    From. 밥상주치의 그리팅


",545g,1560kcal
새우팟퐁커리,10%,"7,650","8,500","이국적인 풍미와 부드러움을 더한 새우 팟퐁커리를 소개합니다. 태국식 옐로우 커리 소스에는 코코넛 밀크를 넣어 더욱 부드러운데요. 커리 소스에는 통통한 새우를 그대로 담아 더욱 푸짐하게 즐길 수 있답니다. 몽글몽글한 계란도 들어갔으니 부드러운 식감도 함께 느껴 보세요. 아삭하고 신선한 국산 셀러리와 당근, 양파도 들어가 건강도 놓치지 않았답니다. 그리팅 새우 팟퐁커리와 함께 태국 현지의 맛과 향을 집에서 간편하게 즐겨 보세요. 
                            	
                                
                                    From. 밥상주치의 그리팅


",300g,370kcal
[여경래셰프] 한알 탕수육,0%,"10,500",0,"40년 경력의 중화요리 대가이자 前서울그랜드엠버서더호텔의 홍보각 총괄셰프였던 여경래 셰프의 대표 메뉴인 한알탕수육을 소개해요.국내산 돼지고기 등심에 바삭한 튀김옷을 입히고 새콤달콤한 소스까지 같이 구성했어요. 한 입에 쏙 먹을 수 있는 사이즈로 씹는 순간 바삭한 식감과 풍부한 육즙이 입안에 가득해요집에서 간편하게 고급 중식당의 맛을 즐겨보세요! 
                            	
                                
                                    From. 밥상주치의 그리팅


",500g,645kcal
코다리조림 밀키트,0%,"13,500",0,"매콤 달콤한 양념으로 밥 한 그릇 뚝딱 해치우게 하는 코다리조림이에요. 쫀득한 코다리살과 구수한 국산 시래기에 칼칼한 양념이 쏙쏙 배어들어 있어요. 두툼한 생선 살을 입에 넣는 순간, 겉은 쫄깃하고 속은 부드러운 맛이 기분 좋은 감동을 선사할 거예요. 따뜻한 밥 한술에 졸여진 시래기 한 점 얹어 먹으면, 이보다 더 환상적일 수 있을까요. 
                            	
                                
                                    From. 밥상주치의 그리팅


",647g,735kcal
냉이오리주물럭,5%,"12,250","12,900","오리고기는 쫄깃하고 야들야들한 식감으로 별미 식재료로 불려요. 오늘은 빨갛게 양념한 오리주물럭을 집에서 휘릭 볶아 간편하게 완성할 수 있도록 준비했어요. 들깨와 들기름으로 고소함을 더하고, 봄에 수확한 제철 냉이를 급속 동결해 봄의 맛과 향을 그대로 담았죠. 입맛에 맞게 부추나 깻잎 등의 채소를 곁들여 드시면 더욱 만족스러운 한 상이 완성될 거예요. 
                            	
                                
                                    From. 밥상주치의 그리팅


",380g,765kcal
고사리 돼지고기주물럭,5%,"9,970","10,500","남도음식의 명인 이은경 셰프와 그리팅이 새롭게 선보이는 고사리 돼지고기 주물럭을 소개합니다. 이은경 셰프는 한국 전통음식 특히 남도음식의 깊은 맛과 우수성의 대중화에 앞서는 남도음식의 명인인데요. 이은경 셰프의 히든 레시피를 더하여 깊은 맛이 일품인 돼지고기 주물럭을 즐겨 보세요. 제철 수확한 국산 고사리를 넣어 더욱 풍성한 식감도 함께 느낄 수 있습니다. 입맛에 맞게 다양한 채소, 사리 등을 넣어 함께 드시면 더욱 맛있게 드실 수 있어요. 
                            	
                                
                                    From. 밥상주치의 그리팅


",400g,655kcal
낙지볶음,10%,"10,350","11,500","매콤한 맛이 생각나는 날이라면, 지금 소개하는 낙지볶음을 주목해 주세요. 오동통한 낙지와 매콤한 특제 양념에 버무려 만든 낙지 요리에요. 양념은 설탕 대신 꿀로 단맛을 내 건강까지 생각했답니다. 탱글한 낙지 한 점에 양념 한 숟갈 쓱 밥에 비벼 먹으면, 여느 맛집 부럽지 않은 한 끼를 만끽할 수 있을 거예요. 
                            	
                                
                                    From. 밥상주치의 그리팅


",350g,510kcal
[I like Eat] 통살 등심돈까스&비프브라운소스,0%,"6,600",0,"노릇하고 바삭한 등심 돈까스를 준비했어요. 단백질이 풍부한 국산 돼지고기 등심 부위를 통으로 사용하였어요. 함께 즐길 수 있는 비프 브라운 소스도 준비했어요. 소고기 육수로 만들어 진한 풍미가 매력적인 소스입니다. 바삭한 통살 등심 돈까스와 함께 맛있는 한 끼를 연출하세요. 
                            	
                                
                                    From. 밥상주치의 그리팅


",330g,650kcal
주꾸미 볶음 (350g),10%,"10,350","11,500","주꾸미는 불포화 지방산과 타우린이 풍부한 건강 식재료예요. 고춧가루와 5년 숙성한 어간장, 건고추 등을 배합해 만든 양념은 텁텁하지 않고 깔끔한 뒷맛을 자랑하죠. 특별히 양념에 땅콩을 갈아 넣어 고소한 감칠맛을 끌어 올렸어요. 설탕 대신 꿀로 단맛을 내어 건강까지 생각했어요. 기호에 따라 떡이나 면 사리를 더해 즐기면 더욱 맛있답니다. 
                            	
                                
                                    From. 밥상주치의 그리팅


",350g,505kcal
동치미 도토리냉묵사발,0%,"7,200",0,"더위로 입맛이 없었던 분들은 주목해주세요. 깊은 감칠맛의 동치미 육수를 활용한 도토리 묵사발 밀키트를 선보입니다. 그리팅은 진한 동치미 육수에 설탕 대신 배와 채수로 건강한 단맛을 냈어요. 여기에 아삭아삭한 무채와 김치를 고명으로 담았어요. 시원한 묵사발 드시고, 남은 국물에 밥까지 후루룩 말아드시면 별미 중에 별미랍니다. 
                            	
                                
                                    From. 밥상주치의 그리팅


",566g,170kcal
닭한마리&칼국수,5%,"18,520","19,500","지치기 쉬운 날, 원기회복과 입맛을 돋기에 제격인 닭한마리 탕 요리를 밀키트로 준비했어요. 국산 닭을 데친 담백한 육수에 툭툭 썰어낸 야채들을 함께 끓여 냈어요. 배추, 부추, 대파, 감자는 국산 채소를 사용해 건강까지 생각했답니다. 담백한 육수에 구수한 칼국수 사리를 넣어 든든한 보양식 한 그릇을 간편하게 드셔보세요. 
                            	
                                
                                    From. 밥상주치의 그리팅


",1330g,910kcal
LA갈비,0%,"29,500",0,"오늘은 달짝지근한 LA갈비와 함께 푸짐한 한 상을 마련해 보세요. 그리팅 LA갈비는 호주산 청정우에 직접 만든 맛간장 양념으로 건강한 감칠맛을 냈어요. 건다시마를 사용해 부드럽게 연육한 갈비살은 입맛을 더욱 돋워준답니다. 살코기를 쏙쏙 발라 먹는 재미의 LA갈비로 오늘의 한 끼를 더욱 풍성하게 즐겨 보세요. 
                            	
                                
                                    From. 밥상주치의 그리팅


",670g,1335kcal
연잎 오겹수육,5%,"17,100","18,000","

                                    From. 밥상주치의 그리팅


",300g,704kcal
[모두의맛집] 카레시 수프카레,0%,"10,500",0,"서울 합정동에서 줄 서서 먹는 맛집 카레시의 '수프 카레'를 소개해요.삿포로식 수프 카레는 일본 가장 위 지방에 있는 삿포로의 추운 날씨를 녹여주기 위해 시작된 일본 지역의 소울푸드에요.일본에서 유학 생활 중 만난 수프 카레 장인에게 직접 전수받은 수프 레시피로 한국에 '카레시'라는 맛집이 탄생했답니다.단골손님들이 일본에서의 오리지널 수프 카레의 맛이 그리울 때마다 찾는다는 카레시 만의 비법이 담긴 수프 카레를 즐겨보세요. 
                            	
                                
                                    From. 밥상주치의 그리팅


",653g,485kcal
[I like Eat] 즉석떡볶이(사리면 증정),0%,"9,700",0,"갖가지 재료를 푸짐하게 넣고 보글보글 끓여 먹는 추억의 그 맛, 즉석떡볶이입니다. 그리팅은 매콤한 즉석떡볶이에 국산 미역을 넣어 풍부한 감칠맛과 영양을 더했어요. 쫀득한 밀떡과 어묵, 김말이 튀김까지 넉넉한 구성으로 준비했으니 온 가족이 함께 즐기기에도 충분할 거예요. 사리면을 넣어 드시거나 남은 양념에 밥과 참기름, 김가루를 넣고 볶아 드시면 끝까지 맛있게 즐길 수 있답니다. 
                            	
                                
                                    From. 밥상주치의 그리팅


",662g,1360kcal
흑돼지 간장불고기,15%,"8,070","9,500","남녀노소 누구나 좋아하는 짭쪼름한 흑돼지 간장 불고기입니다. 제주 길갈 흑돈을 사용해 가장 기본이 되는 고기 맛을 살렸어요. 배 퓨레와 물엿을 단맛을 내어 한층 건강하게 드실 수 있답니다. 채소와 사리를 취향껏 넣어 드시면 더 좋아요. 
                            	
                                
                                    From. 밥상주치의 그리팅


",400g,650kcal
흑돼지 고추장불고기,10%,"8,550","9,500","매콤한 양념을 골고루 입힌 흑돼지로 만든 제육볶음을 소개합니다. 제주 길갈에서 난 흑돈과 국산 고춧가루를 사용했으며, 입에 착 붙는 고추장 양념으로 한국인이라면 누구나 좋아하는 맛을 냈답니다. 채소와 사리를 취향껏 넣어 드시면 더 좋아요. 
                            	
                                
                                    From. 밥상주치의 그리팅


",400g,742kcal
고추잡채 & 꽃빵,10%,"9,450","10,500","피망과 고기를 채 썰어 매콤하게 볶은 사천요리인 고추잡채는 매운맛을 좋아하는 한국인 입맛에도 제격이죠. 알싸한 피망과 담백한 고기를 부드러운 꽃빵에 싸 먹으면 입 안에서 재료들이 어우러지며 환상의 맛을 자랑하는데요. 돼지고기와 피망, 느타리버섯, 그리고 아삭한 마늘종을 달달 볶아 만든 고추잡채로 근사한 중식을 차려보세요. 매콤한 고추잡채에 빼놓을 수 없는 촉촉한 꽃빵도 함께 담았답니다. 
                            	
                                
                                    From. 밥상주치의 그리팅


",430g,735kcal
한라봉을 넣은 소불고기,15%,"11,390","13,400","남녀노소 좋아하는 불고기, 하지만 과한 단맛이 걱정이었다면 설탕 대신 한라봉 농축액으로 건강한 단맛을 낸 그리팅 한라봉 소불고기를 선택하세요. 호주산 청정우를 얇게 썰고, 100% 한라봉 농축액과 생강, 마늘로 잡내까지 완벽히 잡은 양념을 만들었어요. 양념이 잘 배어 있어 팬에 볶기만 하면 갓 만든 듯한 소불고기가 완성됩니다. 
                            	
                                
                                    From. 밥상주치의 그리팅


",400g,620kcal
매콤두부조림,10%,"4,410","4,900","담백하면서 매콤한 두부조림을 준비했어요. 5년 숙성한 어간장으로 만든 특제 양념장을 두부에 잘 배이도록 조린 후, 국산 양파와 대파를 넣어 아삭한 식감과 개운한 끝 맛을 더했습니다. 또 두부와 궁합이 좋은 미역을 양념장에 함께 넣어 감칠맛을 더했어요. 
                            	
                                
                                    From. 밥상주치의 그리팅


",200g,234kcal
멸치우엉풋고추조림,0%,"3,900",0,"궁합이 좋은 멸치와 우엉을 함께 조려 영양을 채운 반찬을 준비했어요. 멸치우엉풋고추조림에는 국산 멸치와 우엉을 사용해 부담 없이 드실 수 있어요. 조림 반찬의 달달하면서 짭조름함이 입맛을 돋워주니 별다른 반찬 없이도 밥 한 공기는 거뜬해요. 어린아이나 어르신 반찬으로 제격이랍니다. 
                            	
                                
                                    From. 밥상주치의 그리팅


",80g,142kcal
낙지 무채무침 ,10%,"5,850","6,500","탱글탱글한 식감에 자꾸만 손이 가게 만드는 낙지 무채 무침을 소개해요. 오동통한 낙지는 먹기 좋은 크기로 손질하여 살짝 데친 후, 그리팅 특제 무침 양념장에 버무렸어요. 입맛 돋우는 매콤 달콤한 밥반찬이 생각날 때 부담 없이 골라보세요. 고슬고슬한 쌀밥에 낙지 무채 무침을 얹으면 밥 한 공기 뚝딱 비울 수 있을 거예요. 
                            	
                                
                                    From. 밥상주치의 그리팅


",150g,155kcal
제주 비트 생깻잎지,5%,"4,750","5,000","

                                    From. 밥상주치의 그리팅


",100g,90kcal
오징어실채볶음,0%,"4,500",0,"오징어는 특유의 쫀득한 식감으로 남녀노소 할 것 없이 누구나 좋아하는 해산물이죠. 그리팅에선 부드럽고 쫄깃해 아이와 함께 먹기 좋은 오징어 실채 볶음을 소개해요. 쫀득한 오징어 실채는 국산콩 간장 양념에 짭조름하게 볶았어요. 간단한 밑반찬으로 제격인 오징어 실채 볶음, 오늘 우리 집 식탁에 함께 곁들여 보는 건 어떨까요? 
                            	
                                
                                    From. 밥상주치의 그리팅


",70g,295kcal
오이지무침,10%,"3,510","3,900","아삭아삭 입맛을 돋워주는 밥도둑 반찬, 오이지무침입니다. 국내산 오이를 절여 만든 오이지를 물에 한 번 담궈 짠기를 빼내고 매콤달콤한 양념에 맛깔나게 버무렸어요. 설탕 대신 매실 액기스로 맛을 내어 건강하게 즐기기 좋아요. 간단한 밑반찬이 필요할 때 활용해 보세요! 
                            	
                                
                                    From. 밥상주치의 그리팅


",100g,55kcal
오복채무침,10%,"2,970","3,300","꼬들꼬들한 식감이 매력적인 오복채무침입니다. 아삭하게 절인 오복채무침을 물에 담궈 짠기를 빼고 매콤달콤한 양념에 버무렸어요. 설탕 대신 매실 액기스로 맛을 내어 건강하게 즐기기 좋아요. 어떤 메뉴에도 잘 어울리는 밑반찬으로 내어 보세요.※ 오복채에는 소량의 연근이 포함되어 있을 수 있습니다. 
                            	
                                
                                    From. 밥상주치의 그리팅


",100g,160kcal
진미채무침,0%,"4,500",0,"새빨간 윤기가 보기만 해도 입맛을 돋워주는 진미채 무침이에요. 먹기 좋게 잘게 찢은 진미채는 그리팅 특제 보리고추장 양념에 솔솔 볶았어요. 쫄깃한 식감과 씹을수록 고소한 맛에 자꾸만 손이 가게 되는 마성의 반찬이에요. 진미채 무침에서 풍겨 나오는 은은한 광채가 밥상을 더욱 빛내줄 거예요.

                                    From. 밥상주치의 그리팅


",80g,180kcal
매콤 무말랭이 오징어볶음,0%,"4,800",0,"꼬독꼬독 씹히는 식감과 매콤달콤한 양념이 어우러져 입맛을 돋우는 밥도둑 반찬, 무말랭이 무침입니다. 신선한 국산 무를 잘 말려 국산 고춧가루로 만든 건강한 양념에 버무렸어요. 여기에 쫄깃하면서도 부드러운 오징어를 먹기 좋은 크기로 썰어 넣어 골라 먹는 즐거움을 더했습니다. 냉장고에서 바로 꺼내어 섭취해도 좋고, 살짝 데워 드셔도 맛있어요. 
                            	
                                
                                    From. 밥상주치의 그리팅


",150g,201kcal
해초 모둠쌈,15%,"5,100","6,000","바다 내음 머금은 신선한 반찬을 찾고 계신가요? 각종 미네랄과 식이섬유, 철분, 요오드 등 무기질이 풍부한 해초를 한데 모아 모듬쌈으로 준비했어요. 곰피라고 불리는 쇠미역은 울퉁불퉁한 표면을 지녀 오독오독 씹히는 식감이 일품인 미역의 한 종류인데요. 알긴산이 풍부해 영양 식재료로도 사랑받고 있죠. 식이섬유가 풍부한 다시마, 꼬들꼬들한 염장 해초와 함께 살짝 데쳐 넣어 다채로운 식감을 더했답니다.보리고추장과 국내산 고춧가루, 사과식초를 배합해 직접 만든 초장소스도 함께 드려요. 고기, 회 등에 곁들여 쌈으로 즐기셔도 좋고, 초장에 듬뿍 찍어 반찬으로 드셔도 별미랍니다.  
                            	
                                
                                    From. 밥상주치의 그리팅


",240g,105kcal
비빔나물 샘플러 ,10%,"7,020","7,800","비빔밥에 빠질 수 없는 나물을 직접 만들려면 여간 손이 많이 가는 게 아니죠. 그리팅에선 나물을 데치고 양념하는 번거로움 없이, 밥만 있으면 언제든 비빔밥을 즐길 수 있도록 비빔 나물 샘플러를 준비했어요. 국산 시래기와 곤드레, 표고버섯과 애호박볶음으로 다채롭게 구성하였답니다. 특제 약고추장 소스를 넣고 밥에 슥슥 비벼 한입 먹으면, 나물의 담백한 풍미를 고스란히 느낄 수 있을 거예요. 
                            	
                                
                                    From. 밥상주치의 그리팅


",250g,200kcal
궁채나물볶음,10%,"6,300","7,000","줄기상추라 불리기도 하고, 궁채라는 이름으로도 잘 알려져 있는 이 나물은 비타민A, B, C가 풍부해 건강 관리에 특별하게 신경 써야 할 요즘 먹으면 더욱더 좋은 식재료랍니다. 들깨를 넣고 볶아 고소함이 두 배로 진하고, 꼬들꼬들 아삭한 식감이 먹는 재미까지 더해 주는 건강한 밑반찬이에요.PS. 냉장상품으로 수령 후 빠른 시일 내 섭취를 권장합니다. 페이지 하단의 안심 사용기한을 확인하세요. 
                            	
                                
                                    From. 밥상주치의 그리팅


",150g,225kcal
모둠 해초볶음,15%,"3,820","4,500","싱그러운 바다 향이 그리워질 땐, 그리팅 모둠 해초 볶음을 만나 보세요. 미네랄이 풍부한 미역과 꼬시래기의 꼬들꼬들한 식감이 먹는 즐거움 뿐만 아니라 영양까지 함께 선사해 줘요. 평소 챙겨 먹기 쉽지 않았던 해조류 반찬, 이제 모둠 해초 볶음으로 건강한 식습관을 만들어가세요. 
                            	
                                
                                    From. 밥상주치의 그리팅


",150g,90kcal
팔보채 덮밥소스,10%,"9,450","10,500","팔보채(八寶菜)는 8가지 귀한 재료로 만들었다고 해서 이름 붙여진 요리예요. 그리팅 팔보채는 오징어, 새우, 소라살에 표고버섯, 죽순 등 갖가지 신선한 채소를 넣은 후 직접 만든 굴소스와 두반장으로 볶았어요. 먹기 좋게 손질된 해산물의 완벽한 조화와 중식의 풍미를 지금 느껴 보세요. 
                            	
                                
                                    From. 밥상주치의 그리팅


",300g,270kcal
유산슬 덮밥소스 ,5%,"9,310","9,800","

                                    From. 밥상주치의 그리팅


",300g,230kcal
베지미트볼 파스타소스,0%,"5,500",0,"그리팅이 자체 개발한 식물성 대체육 베지 미트볼로 고기 없이도 맛있는 미트볼을 만나 보세요. 토마토홀과 페이스트로 산뜻한 베이스를, 올리브유와 각종 향신료를 넣어 더욱 부드럽고 깊은 풍미를 살려냈어요. 신선한 국산 당근과 셀러리를 넣어 더욱 건강하게 즐길 수 있답니다. 건강한 베지 미트볼 파스타 소스로 리소토, 덮밥 등 취향에 따라 다양한 요리를 즐겨보세요. 
                            	
                                
                                    From. 밥상주치의 그리팅


",250g,195kcal
[I like Eat]소이치킨스테이크덮밥 키트,10%,"5,400","6,000","건강하면서도 고급스러운 맛이 일품인 소이 치킨 덮밥을 준비했어요. 단백질 함량이 높은 국내산 닭가슴살을 먹기 좋은 크기로 잘랐어요. 다양한 채소를 담아 다채로운 식감도 함께 느낄 수 있습니다. 게다가 달짝지근한 간장 베이스의 소스에 꽈리고추와 와사비를 통해 매콤함까지 더했어요. 오늘 하루는 닭가슴살을 맛나게 즐길 수 있는 소이 치킨 덮밥 어떠세요? 
                            	
                                
                                    From. 밥상주치의 그리팅


",218g,245kcal
[I like Eat]짬뽕초당순두부덮밥소스,10%,"5,850","6,500","몽글몽글한 초당 순두부와 한돈을 한 음식에 담아 준비했어요. 얼큰한 짬뽕소스에 입에서 살살 녹는 부드러운 순두부를 넣은 덮밥소스 입니다. 아삭한 호박과 목이버섯으로 풍부한 식감도 놓치지 않았어요. 간편한 짬뽕 초당 순두부 덮밥 소스로 든든한 한 끼 식사를 즐겨보세요. 
                            	
                                
                                    From. 밥상주치의 그리팅


",300g,295kcal
[I like Eat]사천유니짜장&잡채덮밥소스,10%,"5,400","6,000","고슬고슬 갓 지은 밥에 짜장 소스 하나면 별 다른 반찬이 필요 없죠. 그리팅은 단백질이 풍부한 한돈과 야채를 넣어 풍미 깊은 사천 짜장 소스를 완성했어요. 여기에 담백한 잡채까지 더해주면, 간편하지만 푸짐한 한 끼가 완성된답니다. 잡채와 짜장의 달콤한 조화에 한 번 먹기 시작하면 숟가락을 놓을 수 없을 거예요. 
                            	
                                
                                    From. 밥상주치의 그리팅


",300g,335kcal
소고기 가지 덮밥소스,10%,"7,650","8,500","비주얼만 봐도 감칠맛이 그대로 느껴지는 마력의 소고기 가지 덮밥 소스입니다. 입에서 살살 녹는 부드러운 식감의 가지와 다진 소고기를 굴소스에 휘릭 볶아냈어요. 사천 건고추를 넣어 끝맛은 느끼하지 않고 매콤하게 즐길 수 있어요. 살짝 데운 뒤 따뜻한 밥 위에 올려 근사한 중화풍 덮밥을 완성해 보세요. 
                            	
                                
                                    From. 밥상주치의 그리팅


",300g,360kcal
궁중 떡볶이,0%,"6,500",0,"달짝지근하면서 은은한 간으로 모두에게 사랑 받는 궁중 떡볶이를 준비했어요. 간장을 베이스로 한 양념에 떡과 소고기, 각종 채소를 넣어 함께 조려냈어요. 궁중떡볶이 특유의 깔끔하면서 달짝지근한 풍미가 입안 가득 즐거움을 선사해 주죠. 달달한 양념이 은은하게 벤 떡을 한 입 물면 기분 좋은 탄성이 절로 나올 거에요. 
                            	
                                
                                    From. 밥상주치의 그리팅


",540g,560kcal
마라탕면,0%,"9,500",0,"중독성 있는 얼얼한 매력에 푹 빠지게 해 줄 마라탕면을 밀키트로 준비했어요. 씹을수록 고소한 우삼겹은 물론, 피쉬볼과 신선한 채소도 듬뿍 담았어요.마라탕에는 사골 농축액을 넣어 더욱 부드럽고, 마라 초심자도 기분 좋게 즐길 수 있는 맵기예요. 마라탕면이 선사하는 알싸한 풍미와 매력을 지금 느껴 보세요. 
                            	
                                
                                    From. 밥상주치의 그리팅


",475g,655kcal
우삼겹 짬뽕,0%,"8,500",0," 쫄깃한 중화면과 화끈한 국물맛이 매력적인 그리팅 짬뽕을 선보여요. 고소한 우삼겹과 위소라살, 새우 등 해산물에 불맛 가득한 채소까지! 풍성한 건더기와 얼큰한 국물이 어우러진 짬뽕의 진수를 집에서 간편하게 만나보세요. 
                            	
                                
                                    From. 밥상주치의 그리팅


",475g,685kcal
[여경래셰프]주꾸미 짜장면,0%,"7,700",0,"40년 경력의 중화요리 대가이자 前서울그랜드엠버서더호텔의 홍보각 총괄셰프였던 여경래 셰프와 그리팅이 공동개발한 주꾸미 짜장면을 소개해요.여경래 셰프의 노하우가 녹아있는 짜장소스, 쫄깃한 불맛 양념주꾸미 그리고 탱탱한 식감의 숙성 면이 특징인 그리팅만의 특별한 짜장면을 개발했어요.어디서도 맛 볼 수 없는 주꾸미 짜장면을 집에서 간편하게 즐겨보세요. 
                            	
                                
                                    From. 밥상주치의 그리팅


",550g,710kcal
[한솔냉면X그리팅] 물냉면,0%,"6,500",0,"현대백화점에서 맛볼 수 있는 냉면 브랜드 '한솔냉면'과 그리팅이 함께 선보이는 물냉면입니다. 가늘고 찰진 특제 면발과 동치미 국물 베이스의 깔끔한 육수로 한여름 더위도 이겨내는 시원함을 담았어요. 여기에 시원하고 아삭한 식감을 더해줄 얼갈이, 무절임 고명이 함께 제공됩니다. 이제 집에서도 간편하게 장인의 손맛, 한솔냉면을 즐겨보세요. 
                            	
                                
                                    From. 밥상주치의 그리팅


",570g,630kcal
[I Like Eat] 칼비빔면,0%,"6,500",0,"칼국수 면으로 만든 매콤새콤한 비빔국수, 칼비빔면을 납작만두와 함께 즐겨보세요. 칼국수면을 사용해 더욱 쫄깃한 식감을 느낄 수 있어요. 고소하고 담백한 대구식 납작만두는 노릇하게 구워 칼비빔면에 곁들이면 더욱 맛있어요. 취향에 따라 채소를 듬뿍 넣어 드셔도 좋답니다. 
                            	
                                
                                    From. 밥상주치의 그리팅


",405g,700kcal
버섯듬뿍잡채 ,15%,"6,800","8,000","

                                    From. 밥상주치의 그리팅


",300g,320kcal
[모두의맛집]낫배드 스파이시삼겹살파스타,0%,"15,800",0,"대구 동성로 퓨전 파스타 맛집 '낫배드(Not Bad)'의 스파이시 삼겹살 파스타를 소개해요.호주 유학 생활 동안 고기와 함께 찍어 먹을 수 있는 매콤한 소스를 만들고 싶었던 사장님은 매콤한 특제소스의 퓨전 파스타를 개발했답니다.한국인이라면 누구나 좋아하는 고소한 로스팅 삼겹살과 매콤한 고춧가루와 마늘을 넣어 깔끔한 매운맛을 자랑하는 낫배드만의 특제 스파이시 소스가 특징이에요.한식과 양식의 적절한 조화를 이루는 낫배드 스파이시 삼겹살 파스타를 즐겨보세요. 
                            	
                                
                                    From. 밥상주치의 그리팅


",674g,1282kcal
[한솔냉면X그리팅] 비빔냉면,0%,"6,500",0,"현대백화점에서 맛볼 수 있는 냉면 브랜드 '한솔냉면'과 그리팅이 함께 선보이는 비빔냉면입니다. 가늘고 찰진 특제 면발에 매실액을 넣어 매콤새콤하게 만든 비법 소스가 어우러져 감칠맛이 풍부해요. 여기에 시원하고 아삭한 식감을 더해줄 얼갈이, 무절임 고명이 함께 제공됩니다. 이제 집에서도 간편하게 장인의 손맛, 한솔냉면을 즐겨보세요. 
                            	
                                
                                    From. 밥상주치의 그리팅


",385g,695kcal
[모두의맛집] 샤오짠 탄탄면,0%,"8,800",0,"샤오짠은 서초동에 위치한 모두의맛집 10번째 대만 로컬음식 전문점입니다.샤오짠(小站)은 간이역이란 뜻을 가지고 있어요. 타이페이의 길거리를 정처 없이 거닐다가 살짝 허기진 배와 마음을 모두 채워줄 따뜻한 즐거움이 가득한 야시장을 발견했을 때의 작은 기쁨을 브랜드 샤오짠안에 담고 싶었답니다. 탄탄면은 나라에 따라 두 가지 스타일로 나눠지는데, 중국식과 대만식으로 나눠지고 있어요. 샤오짠은 대만식 탄탄면을 판매하고 있습니다. 대만식 탄탄면은 땅콩소스와 다진 고기가 듬뿍 들어가 고소한 맛과 육향이 풍부한 것이 특징이랍니다. 자극적이지 않고 부드럽고 깊은 육수 맛이 매우 매력적인 메뉴에요. 
                            	
                                
                                    From. 밥상주치의 그리팅


",580g,688kcal
[모두의맛집] 어쩌다농부 명란들기름파스타,0%,"9,500",0,"현대그린푸드, 와디즈, 전국 로컬 맛집 사장님이 모여 매장의 시그니처 메뉴를 간편식으로 개발해 고객님의 집 앞에 전달드리는 '모두의 맛집' 어쩌다농부 명란 들기름 파스타를 소개해요. 명란 들기름 파스타는 춘천의 감성골목 육림고개 맛집 '어쩌다 농부'의 대표 메뉴랍니다. 덕화 명란의 저염명란을 사용하고 강원도 화천의 너래안의 들기름을 사용하기에 건강하고 맛있게 드실 수 있어요. 마늘과 양파로 풍미를 극대화한 오일 파스타, 명란 들기름 파스타를 만나보세요. 
                            	
                                
                                    From. 밥상주치의 그리팅


",276g,620kcal
장칼국수,0%,"7,600",0,"얼큰한 국물이 생각나는 날, 풍성하게 즐길 수 있는 장칼국수를 준비했어요. 국산 표고버섯과 쥬키니 호박 등 채소를 넣어 풍부한 식감을 더했어요. 보리고추장과 황태채 그리고 숙성 어간장을 넣어 감칠맛도 한껏 살렸답니다. 후루룩 먹다 보면 콧등에 땀이 송골 송골 맺히는 게, 기분 좋은 한 끼를 만들어 줄 거예요. 
                            	
                                
                                    From. 밥상주치의 그리팅


",426g,510kcal
게살내장솥밥,10%,"5,850","6,500","입안 가득 고소한 바다의 향을 느끼게 해줄 게살내장솥밥을 소개해요. 국산 홍게 다리살은 흰자와 보슬보슬 볶아내어 더욱 부드러워요. 곱게 간 게 내장은 뭉근하게 졸여 깊은 맛을 냈답니다. 게살과 내장이 만들어내는 환상적인 조화를 지금 느껴 보세요. 
                            	
                                
                                    From. 밥상주치의 그리팅


",264g,470kcal
양솥밥,0%,"6,500",0,"쫄깃한 식감의 소 막창과 양을 듬뿍 얹은 먹음직스러운 양솥밥을 소개해요. 달짝지근한 간장 소스와 양 특유의 촉촉한 식감에 금세 한 공기 뚝딱하실 거예요. 씹을수록 고소한 풍미를 자랑하는 양솥밥을 지금 만나보세요. 
                            	
                                
                                    From. 밥상주치의 그리팅


",285g,510kcal
치즈불닭솥밥,10%,"5,400","6,000","매콤한 맛을 즐기는 매운맛 마니아라면, 지금 소개하는 상품을 주목해 주세요. 그리팅에선 불닭의 매콤함으로 입맛을 제대로 돋워 줄 치즈불닭솥밥을 준비했어요. 여기에 솔솔 뿌려 먹는 치즈는 깊은 풍미를 더해주죠. 기분 좋은 매콤함에 자꾸만 손이 가는 중독적인 불닭 솥밥을 지금 만나 보세요. 
                            	
                                
                                    From. 밥상주치의 그리팅


",267g,510kcal
미나리 얼큰굴백짬뽕밥,0%,"12,800",0,"영양 가득한 굴을 가득 담은 굴백짬뽕밥을 준비했어요. 신선한 미나리를 넣어 아삭한 식감을 더했답니다. 뜨끈한 국물과 함께 술술 먹다 보면 어느새 한 그릇 뚝딱 비우실 거예요. 입안 가득 퍼지는 시원한 바다향을 지금 굴백짬뽕밥과 함께 느껴 보세요. 
                            	
                                
                                    From. 밥상주치의 그리팅


",435g,350kcal
부채살조림솥밥,0%,"8,500",0,"두툼한 부채살의 담백한 맛은 언제나 기분 좋은 한 끼를 만들어 주죠. 그리팅에선 육즙 가득 부채살을 얹은 솥밥을 준비했어요. 한입에 먹기 쉬운 크기의 부채살은 짭쪼름한 양념에 뭉근하게 졸여 냈어요. 솥밥에는 버터를 넣어 한층 진한 향과 풍미를 더했답니다. 한 입씩 먹을 때마다 입안 가득 퍼지는 육즙의 향연을 지금 느껴 보세요. 
                            	
                                
                                    From. 밥상주치의 그리팅


",328g,585kcal
명란버터솥밥,10%,"5,220","5,800","영롱한 빛깔의 명란은 따뜻한 밥에 살포시 얹어 먹으면 한 그릇 뚝딱이죠. 오늘은 그리팅이 야심 차게 준비한 명란버터솥밥을 소개할게요. 명란은 고소한 버터와 들기름과 함께 볶아 진한 풍미를 자랑해요. 송송 썰은 마늘종과 다진 표고버섯은 풍부한 식감까지 선사해 주죠. 입안에서 톡톡 터지는 명란의 짙은 매력에 흠뻑 빠져 보세요. 
                            	
                                
                                    From. 밥상주치의 그리팅


",246g,460kcal
전복내장솥밥&팽이다시마조림,5%,"6,170","6,500","영양 가득한 국산 전복 내장을 넣어 고슬고슬하게 지은 솥밥을 준비했어요. 다진 소라살과 신선한 당근을 넣어 더욱 풍부한 식감을 즐길 수 있어요. 팽이버섯과 다시마를 졸여내어 만든 팽이 다시마조림도 함께 즐겨 보세요. 쫄깃한 식감이 매력적인 국산 팽이버섯을 사용하여 더욱 건강하답니다. 전복 내장부터 오독오독한 다시마까지, 바다 내음 가득한 건강한 솥밥을 이제 우리 집 식탁에서 즐겨 보세요. 
                            	
                                
                                    From. 밥상주치의 그리팅


",254g,405kcal
곤드레옥수수솥밥&매콤황태채볶음,5%,"5,510","5,800","곤드레 나물의 은은한 향긋함이 담긴 솥밥을 준비했어요. 솥밥에는 신선한 국산 곤드레를 사용해 믿음을 더했고, 옥수수를 함께 넣어 톡톡한 식감도 같이 즐길 수 있답니다. 매콤하면서 쫄깃한 황태채는 가시를 제거해 더욱 부드러워요. 솥밥에 황태채와 참기름을 넣고 슥슥 비벼주면 든든한 한 끼가 완성돼요. 
                            	
                                
                                    From. 밥상주치의 그리팅


",253g,415kcal
부지깽이 김치솥밥&언양식불고기,5%,"5,510","5,800","아삭한 김치와 국산 부지깽이를 넣고 고슬고슬하게 지어낸 솥밥을 준비했어요. 참기름에 달달 볶은 김치가 들어가 더욱 고소한 풍미를 느낄 수 있어요. 남녀노소 누구나 좋아하는 언양식 불고기는 육질이 부드럽고 고소한 맛이 일품이랍니다. 부지깽이 김치 솥밥에 언양식 불고기와 참기름을 넣고 슥슥 비벼 드시면 푸짐한 한끼가 완성됩니다. 
                            	
                                
                                    From. 밥상주치의 그리팅


",253g,415kcal
풍기리소토 ,10%,"8,100","9,000","

                                    From. 밥상주치의 그리팅


",330g,405kcal
짬뽕죽 (1인분),15%,"5,520","6,500","

                                    From. 밥상주치의 그리팅


",330g,265kcal
불낙죽 (1인분),0%,"7,000",0,"

                                    From. 밥상주치의 그리팅


",330g,200kcal
전복 내장죽 (1인분),0%,"8,500",0,"

                                    From. 밥상주치의 그리팅


",330g,175kcal
새우 아스파라거스죽 (1인분),10%,"5,850","6,500","

                                    From. 밥상주치의 그리팅


",330g,185kcal
해초 전복죽 (1인분),0%,"8,500",0,"

                                    From. 밥상주치의 그리팅


",330g,180kcal
단호박죽 ,5%,"5,700","6,000","진노란 색깔과 은은한 달콤함으로 마음을 부드럽게 풀어줄 단호박죽을 준비했어요. 설탕 대신 올리고당으로 단맛을 끌어 올렸답니다. 국산 찹쌀가루로 뭉근하게 끓여낸 단호박죽으로, 기분 좋은 하루를 완성해 보세요.

                                    From. 밥상주치의 그리팅


",330g,320kcal
[소프트프로틴] 황태미역죽,10%,"5,400","6,000","

                                    From. 밥상주치의 그리팅


",300g,215kcal
[소프트프로틴] 수삼삼계죽,10%,"5,400","6,000","

                                    From. 밥상주치의 그리팅


",300g,245kcal
전복죽(1인분),10%,"6,480","7,200","몸이 무겁게 느껴지는 날이면 가장 먼저 생각나는 한 끼, 전복죽이에요. 탱탱한 전복과 소라살을 먹기 좋게 다져 식감을 끌어올리고, 알프스산 암염으로 정성 한 꼬집을 더했어요. 보양과 위로의 마음을 담은 전복죽 한 그릇을 만나보세요. 
                            	
                                
                                    From. 밥상주치의 그리팅


",330g,165kcal
소고기야채죽(1인분),10%,"4,950","5,500","고소한 소고기와 5가지 채소를 함께 끓여 영양 밸런스를 맞춘 소고기 야채죽이에요. 신선한 국내산 쌀을 사용해 믿음을 더했어요. 히말라야산 암염소금으로 깔끔한 한 그릇을 완성했답니다. 모두에게 환영받는 소고기 야채죽으로 든든함을 챙기세요.

                                    From. 밥상주치의 그리팅


",330g,150kcal
[vezzly] 부드럽고 진한 수플레 치즈케이크,0%,"15,000",0,"엄선된 원재료로 매일 현장에서 직접 구워내는 원칙을 지키는 현대백화점 프리미엄 베이커리 브랜드 '베즐리(Vezzly)'의 부드럽고 진한 수플레 치즈케이크를 집에서도 즐겨보세요.수플레는 케이크 반죽에 머랭을 넣고 부풀려 한층 부드러운 맛을 느낄 수 있는 베이킹의 한 종류인데요. 다른 치즈케이크에 비해 폭신폭신하고 촉촉한 식감이 매력적이죠.베즐리는 고온에서 구워내 입안에서 사르르 녹는 수플레 치즈케이크를 만들었어요. 크림치즈의 녹진한 풍미가 어우러져 깊고 진한 맛을 가득 느낄 수 있답니다. 냉장 해동 후 시원한 상태로 드시면 꾸덕한 식감이 살아나 더욱 맛있어요. 쌉싸름한 블랙커피부터 고소한 우유까지, 어떤 음료와도 잘 어울리니 우리가족 티타임 간식으로도 제격이에요. 
                            	
                                
                                    From. 밥상주치의 그리팅


",470g,1413kcal
[vezzly] 진짜 맛있는 당근 케이크,0%,"15,000",0,"현대백화점 프리미엄 베이커리 브랜드 '베즐리(Vezzly)'의 노하우와 레시피로 만든 당근케이크를 소개해요. 포슬포슬한 시트에 달콤한 당근이 콕콕, 여기에 향긋한 계피 향까지 어우러진 당근케이크는 음미하며 즐길수록 본연의 매력을 만끽할 수 있는 선물 같은 디저트죠. 베즐리는 신선한 국산 생 당근과 코코넛롱, 호두를 듬뿍 넣어 풍성한 식감과 깊은 단맛을 더했어요. 밀가루로 반죽해 촉촉하고 건강한 시트 사이사이로 밀도있게 들어찬 속재료가 눈과 입을 행복하게 해 줄 거예요. 소복히 내린 눈처럼 두툼하게 펴바른 크림치즈 프로스팅은 한 입 먹는 순간 사르르 녹으며 입 안 가득 달콤함을 채워준답니다. 나른한 오후, 따뜻한 블랙커피에 한 조각을 곁들여보세요. 
                            	
                                
                                    From. 밥상주치의 그리팅


",470g,1974kcal
[vezzly] 이름난 마들렌 (3입),0%,"7,500",0,"엄선된 원재료로 매일 현장에서 직접 구워내는 원칙을 지키는 현대백화점 프리미엄 베이커리 브랜드 '베즐리(vezzly)'의 마들렌을 소개해요. 신선한 계란으로 반죽을 만들고, 포슬포슬한 식감이 살아있도록 구워냈어요. 크림을 넣어 식감은 부드러워지고 빵의 풍미는 한층 더해줬어요. 달달하고 부드러운 빵이 생각날 때 베즐리 마들렌과 함께해보세요. 
                            	
                                
                                    From. 밥상주치의 그리팅


",150g,580kcal
[vezzly] 플레인 스콘(4개입),0%,"10,000",0,"엄선된 원재료로 매일 현장에서 직접 구워내는 원칙을 지키는 현대백화점 프리미엄 베이커리 브랜드 '베즐리(Vezzly)'의 '플레인 스콘(4개입)'을 소개해요. 베즐리 플레인 스콘은 고소한 버터와 달콤한 브라운 슈가를 넣어 만들었어요. 버터의 진한 풍미는 물론 브라운 슈가의  기분 좋은 달달함도 느끼실 수 있을 거예요. 실온에서 3~40분 후 해동 후 바로 드셔도 좋고, 에어프라이어에 데워드셔도 좋습니다. 
                            	
                                
                                    From. 밥상주치의 그리팅


",340g,1352kcal
[vezzly] 바스크 치즈케이크,0%,"8,500",0,"

                                    From. 밥상주치의 그리팅


",180g,506kcal
[vezzly] 새벽 5시에 갓 짠 진짜 우유식빵,0%,"5,500",0,"그리팅과 현대백화점 프리미엄 베이커리 브랜드 '베즐리(Vezzly)'가 함께 선보이는 우유식빵입니다. 물 한 방울 섞지 않고 그리팅 지정목장에서 당일 착유한 <그리팅> 새벽 5시에 갓 짠 무항생제 우유로 반죽해 빵 결이 부드럽고 폭신해요.신선한 우유와 뉴질랜드산 프리미엄 버터 등 양질의 재료로 기본에 충실한 맛을 냈어요. 담백하고 고소해 샌드위치나 토스트로 만들어 먹기에도 좋답니다. 
                            	
                                
                                    From. 밥상주치의 그리팅


",400g,1058kcal
[vezzly] 이즈니 미니 크로와상 생지(10개입),0%,"10,800",0,"

                                    From. 밥상주치의 그리팅


",300g,1350kcal
[vezzly] 통밀 7곡 식빵 ,0%,"6,200",0,"

                                    From. 밥상주치의 그리팅


",400g,1025kcal
[vezzly] 올리브 식빵,0%,"5,800",0,"

                                    From. 밥상주치의 그리팅


",400g,1144kcal
[vezzly] 방콕 세트,0%,"11,000",0,"엄선된 원재료로 매일 현장에서 직접 구워내는 원칙을 지키는 프리미엄 베이커리 브랜드 '베즐리(Vezzly)'의 베스트셀러를 집에서도 맛있게 즐겨 보세요.밀푀유식빵 1/2, 그리팅 무항생제 우유로 만든 식빵 4입, 비건식빵 4입 , 모닝롤 4입 그리고 통밀7곡식빵 2입까지, 5가지 베스트셀러를 한 번에 즐길 수 있는 꾸러미 세트입니다. 다양한 종류의 빵을 합리적인 가격대로 준비했답니다. 

                                    From. 밥상주치의 그리팅


",565g,1621kcal
[vezzly] 밀푀유 식빵,0%,"7,300",0,"

                                    From. 밥상주치의 그리팅


",330g,1163kcal
[vezzly] 좋은아침 모닝롤 (6입),20%,"2,960","3,700","

                                    From. 밥상주치의 그리팅


",135g,339kcal
[vezzly] 까사테라,0%,"6,800",0,"

                                    From. 밥상주치의 그리팅


",180g,541kcal
[vezzly] 미미 카스테라,0%,"5,200",0,"

                                    From. 밥상주치의 그리팅


",115g,539kcal
[vezzly] 비건식빵,0%,"4,200",0,"

                                    From. 밥상주치의 그리팅


",185g,584kcal
[널담]비건 크로와상 플레인,10%,"3,600","4,000","비건 버터로 고소한 풍미를 더한 100% 식물성 크로와상, 널담의 크로와상을 소개해요.우유, 버터, 계란과 같은 동물성 원료를 사용하지 않은 100% 식물성 크로와상으로 더 가볍고 건강하게 즐길 수 있어요.널담 R&D 센터의 자체 기술력과 2,000번 이상의 테스트 끝에 개발한 비건 버터로 동물성 버터 없이 만들었답니다.겉은 바삭하고 속은 푹신한 비건 크로와상을 그리팅에서 만나보세요. 
                            	
                                
                                    From. 밥상주치의 그리팅


",80g,340kcal
[널담]비건 베이글 크랜베리&호두,10%,"2,250","2,500","단백질은 더하고 설탕은 덜어낸 100% 식물성 고단백 저당 베이글을 소개해요.널담의 베이글은 단백질이 풍부한 분리대두단백을 담고 설탕을 낮추는 대체당 말티톨을 사용해 만든 고단백 베이글이에요.우유, 버터, 계란과 같은 동물성 원료를 사용하지 않은 100% 식물성 베이글로 더 가볍게 널담의 비건 베이글 크랜베리&호두맛을 즐겨보세요. 
                            	
                                
                                    From. 밥상주치의 그리팅


",140g,399kcal
[널담]비건 베이글 흑임자,10%,"2,520","2,800","단백질은 더하고 설탕은 덜어낸 100% 식물성 고단백 저당 베이글을 소개해요.널담의 베이글은 단백질이 풍부한 분리대두단백을 담고 설탕을 낮추는 대체당 말티톨을 사용해 만든 고단백 베이글이에요.우유, 버터, 계란과 같은 동물성 원료를 사용하지 않은 100% 식물성 베이글로 더 가볍게 널담의 비건 베이글 흑임자맛을 즐겨보세요. 
                            	
                                
                                    From. 밥상주치의 그리팅


",140g,388kcal
[널담]비건 베이글 플레인,10%,"2,250","2,500","단백질은 더하고 설탕은 덜어낸 100% 식물성 고단백 저당 베이글을 소개해요.널담의 베이글은 단백질이 풍부한 분리대두단백을 담고 설탕을 낮추는 대체당 말티톨을 사용해 만든 고단백 베이글이예요.우유, 버터, 계란과 같은 동물성 원료를 사용하지 않은 100% 식물성 베이글로 더 가볍게 널담의 비건 베이글 플레인맛을 즐겨보세요. 
                            	
                                
                                    From. 밥상주치의 그리팅


",140g,381kcal
[널담]비건 브라우니 초코 1BOX(3입),15%,"6,800","8,000","친환경적 가치를 담아낸 지구의 내일을 위한 푸드 업사이클링 제품, 널담 비건 브라우니를 소개해요.널담은 사람과 지구를 위해 남은 원료를 버리지 않고, 비건 원료인 병아리콩의 펄프를 갈아서 반죽으로 사용하면서 식품 폐기의 환경 문제를 해결하고 노력했어요.단백질이 풍부한 통밀만을 사용하고 브라우니 특유의 꾸덕찐득한 식감까지 맛볼 수 있는 널담의 비건 브라우니 초코를 즐겨보세요. 
                            	
                                
                                    From. 밥상주치의 그리팅


",100g,390kcal
[wholesome X vezzly] 레몬 퐁당 브라우니,0%,"6,000",0,"엄선된 원재료로 매일 현장에서 직접 구워내는 원칙을 지키는 현대백화점 프리미엄 베이커리 브랜드 '베즐리(vezzly)'와 제철의 우리 농산물로부터 영감을 받아 팜투테이블 요리를 만드는 '홀썸'의 콜라보로 탄생한 레몬 퐁당 브라우니를 소개해요.레몬 퐁당 브라우니는 버터, 우유 등 동물성 식재료를 사용하지 않고 다크초콜릿, 버진 코코넛 오일, 비정제원당을 사용한 비건 디저트랍니다.상큼한 레몬크림과 만나 진하고 꾸덕한 브라우니는 '아니 이런 맛이 비건이라니!'하고 깜짝 놀랄 맛이에요. 커피와 차는 물론, 다양한 음료와 함께 즐겨보세요. 
                            	
                                
                                    From. 밥상주치의 그리팅


",100g,372kcal
[vezzly] 통밀 모닝롤,20%,"3,120","3,900","엄선된 원재료로 매일 현장에서 직접 구워내는 원칙을 지키는 현대백화점 프리미엄 베이커리 브랜드 '베즐리(vezzly)'의 통밀 모닝롤을 소개해요.7가지 대표 곡물인 호밀, 귀리, 보리, 검은깨, 호박씨 등을 넣어 씹을수록 담백한 맛을 느낄 수 있답니다. 식이섬유가 풍부한 호밀부터 단백질과 필수 아미노산이 풍부한 보리 등 7가지 곡물로 영양을 가득 채워보세요.오븐이나 에어프라이어에 살짝 구워 야채, 햄, 소스를 발라 드시면 이색 통밀 모닝롤 샌드위치가 완성된답니다. 
                            	
                                
                                    From. 밥상주치의 그리팅


",135g,369kcal
[vezzly] 밀크롤빵,0%,"7,800",0,"엄선된 원재료로 매일 현장에서 직접 구워내는 원칙을 지키는 현대백화점 프리미엄 베이커리 브랜드 '베즐리(vezzly)'의 밀크롤빵을 소개해요.물 대신 우유로 반죽하여 겹겹이 고소한 우유의 풍미를 느낄 수 있도록 접어서 구웠답니다. 부드러운 식감으로 어른아이 할 것 없이 즐길 수 있을거예요.  
                            	
                                
                                    From. 밥상주치의 그리팅


",330g,1022kcal
[vezzly] 레몬파운드,0%,"7,500",0,"엄선된 원재료로 매일 현장에서 직접 구워내는 원칙을 지키는 현대백화점 프리미엄 베이커리 브랜드 '베즐리(vezzly)'의 레몬 파운드를 소개해요.레몬 껍질과 레몬즙을 넣어 한 입 베어무는 순간 상큼함과 고소함을 맛볼 수 있어요. 달콤한 글레이즈로 파운드를 덮어 맛을 한층 더했답니다. 블랙커피나 우유와 잘 어울리고 티 디저트로도 손색없어요. 
                            	
                                
                                    From. 밥상주치의 그리팅


",300g,1191kcal
[vezzly] 휘낭시에 5종,0%,"12,500",0,"엄선된 원재료로 매일 현장에서 직접 구워내는 원칙을 지키는 현대백화점 프리미엄 베이커리 브랜드 '베즐리(vezzly)'의 휘낭시에 5종을 소개해요.플레인, 얼그레이, 녹차, 홍국쌀, 초코 5가지 맛으로 다채롭게 준비했어요. 달콤한 반죽에 특색있는 토핑이 조화롭게 어울린답니다. 부드러운 식감의 달콤한 휘낭시에를 블랙커피나 우유와 함께 드셔보세요. 
                            	
                                
                                    From. 밥상주치의 그리팅


",163g,627kcal
[vezzly] 조청으로 만든 베즐리 블루베리잼,0%,"7,500",0,"

                                    From. 밥상주치의 그리팅


",220g,620kcal
[소프트프로틴]뼈까지먹는 고등어조림,0%,"6,500",0,"

                                    From. 밥상주치의 그리팅


",180g,270kcal
부드러운 바비큐 폭립,0%,"22,000",0,"집에서도 맛있고 근사한 요리를 먹을 수 없을까? 이런 고민을 담아 만든 부드러운 바비큐 폭립을 소개합니다. 두툼한 돼지 등갈비에 와인의 풍미를 더한 폭립 소스를 넣고 하루 동안 숙성 시켜 고급스러운 맛을 냈어요. 그리팅만의 포화 증기 기술로 부드러움은 더하고 잡내는 깔끔하게 잡았어요.포화 증기 기술이란 조리 시 압력과 온도를 조절해 음식의 모양과 맛은 유지하면서 식감을 부드럽게 하는 조리법이에요. 등 갈빗살은 쉽게 발라져 아이, 시니어 모두 편하게 드실 수 있습니다. 오늘은 부드러운 바비큐 폭립으로 가족과 함께 맛있는 한 끼를 즐겨보세요. 
                            	
                                
                                    From. 밥상주치의 그리팅


",700g,1310kcal
뿌리채소 한우갈비찜,0%,"48,000",0,"깊은 양념 맛이 일품인 뿌리채소 한우갈비찜을 소개합니다. 한우 갈빗살은 포화 증기 기술을 통해 아주 부드럽게 만들었어요. 포화 증기 기술이란 조리 시 압력과 온도를 조절해 음식의 모양과 맛은 유지하면서 식감을 부드럽게 하는 조리법이에요. 치아가 약하거나 교정 등의 치료를 하고 계신 분, 딱딱한 음식을 먹기 힘든 아이들에게 추천 드려요. 당근, 연근, 무 등 다양한 국내산 뿌리채소도 함께 들어 있어 더욱 건강하게 즐길 수 있습니다. 뿌리채소 한우갈비찜과 함께 건강하고 고급스러운 요리를 집에서 즐겨 보세요. 
                            	
                                
                                    From. 밥상주치의 그리팅


",700g,630kcal
입에서 녹는 동파육,0%,"28,000",0,"부드러운 고기와 청경채 그리고 간장 소스 조합이 매력적인 동파육을 준비했습니다. 두툼한 통 오겹살은 포화 증기 기술을 통해 아주 부드럽게 만들었어요.  포화 증기 기술이란 조리 시 압력과 온도를 조절해 음식의 모양과 맛은 유지하면서 식감을 부드럽게 하는 조리법이에요. 치아가 약하거나 교정 등의 치료를 하고 계신 분, 딱딱한 음식을 먹기 힘든 아이들에게 추천 드려요.팔각, 정향 등의 향신료로 중화풍 소스 특유의 향과 맛을 내었습니다. 같이 들어간 청경채도 함께 곁들여 드시면 더욱 일품이랍니다. 고급 중식 동파육을 이제 집에서 간편하게 즐겨 보세요. 
                            	
                                
                                    From. 밥상주치의 그리팅


",500g,300kcal
더 부드러운 LA갈비,0%,"32,000",0,"뜯어야 제 맛인 갈비지만, 이 맛을 즐기지 못하시는 분들을 위해 더 부드러운 LA갈비를 준비했습니다. 두툼한 갈빗살은 포화 증기 기술을 통해 아주 부드럽게 만들었어요. 포화 증기 기술이란 조리 시 압력과 온도를 조절해 음식의 모양과 맛은 유지하면서 식감을 부드럽게 하는 조리 기법이에요. 치아가 약하거나 교정 등의 치료를 하고 계신 분, 딱딱한 음식을 먹기 힘든 아이들에게 추천 드려요.  LA갈비는 마늘과 생강으로 잡내를 잡고, 달달한 양념으로 깊은 맛을 더했습니다.  함께 들어간 단호박을 곁들여 더욱 담백하고 근사한 식사를 완성해 보세요. 
                            	
                                
                                    From. 밥상주치의 그리팅


",400g,330kcal
[소프트프로틴] 중화식 제육덮밥소스,10%,"5,400","6,000","

                                    From. 밥상주치의 그리팅


",200g,340kcal
[소프트프로틴] 더 부드러운 함박스테이크,0%,"6,800",0,"

                                    From. 밥상주치의 그리팅


",170g,265kcal
[소프트프로틴] 더 부드러운 돼지고기 장조림,0%,"7,500",0,"

                                    From. 밥상주치의 그리팅


",200g,175kcal
[소프트프로틴] 더 부드러운 소고기 장조림,0%,"8,700",0,"

                                    From. 밥상주치의 그리팅


",200g,225kcal
[1Table]한우 쇠고기 미역국,20%,"5,760","7,200","현대식품관의 건강한 식재료와 유명 맛집의 레시피가 더해진 프리미엄 가정식 브랜드, 원테이블(1Table)의 한우 쇠고기 미역국을 소개해요.구수한 한우와 자연산 완도 미역의 풍미가 깊고 진한 국물맛을 내게 한답니다. 부드러운 한우와 신선한 미역의 씹는 맛을 느끼실 수 있어요.따뜻하게 끓인 한우 쇠고기 미역국으로 정갈한 한끼를 즐겨보세요. 
                            	
                                
                                    From. 밥상주치의 그리팅


",430g,55kcal
[1Table] 화식한우 사골곰국,15%,"3,570","4,200","현대식품관의 건강한 식재료와 유명 맛집의 레시피가 더해진 프리미엄 가정식 브랜드, 원테이블(1 Table)의 사골곰국을 소개해요.소의 뼈를 고아 만드는 곰탕은 그 어떤 요리보다 신선한 재료를 사용하는 것이 중요한데요. 출하 6개월 전 부터 보리, 볏짚 등 곡물을 끓여 만든 화식 사료와 삶지 않은 볏짚 및 목초, 사료를 함께 먹고 자라 육질이 부드럽고 고소한 맛이 특히 깊은 화식한우로 푹 끓인 곰국이에요. 안심하고 먹을 수 있는 원테이블 사골곰국으로 가족의 한 끼 식사를 준비해 보세요. 
                            	
                                
                                    From. 밥상주치의 그리팅


",400ml,95kcal
[1Table] 와규 함박스테이크,0%,"7,500",0,"

                                    From. 밥상주치의 그리팅


",240g,440kcal
[1Table] 다크초코 비건크래커,0%,"2,500",0,"현대식품관의 건강한 식재료와 유명 맛집의 레시피가 더해진 프리미엄 가정식 브랜드, 원테이블(1Table)의 다크 초코 크래커를 소개합니다.식물성 원재료로 만든 원테이블 크래커는 오븐에 구워내 기름기 없이 담백하고 바삭바삭합니다. 진한 초코의 달콤함을 담아내 깊은 맛을 느낄 수 있는 다크 초코 크래커를 즐겨보세요. 
                            	
                                
                                    From. 밥상주치의 그리팅


",50g,230kcal
[1Table] 유자 비건크래커,0%,"2,500",0,"현대식품관의 건강한 식재료와 유명 맛집의 레시피가 더해진 프리미엄 가정식 브랜드, 원테이블(1Table)의 유자 크래커를 소개합니다.식물성 원재료로 만든 원테이블 크래커는 오븐에 구워내 기름기 없이 담백하고 바삭바삭합니다. 상큼한 유자의 맛을 담아 다채로운 풍미를 느낄 수 있는 유자 크래커를 즐겨보세요. 
                            	
                                
                                    From. 밥상주치의 그리팅


",50g,230kcal
[1Table] 채소 비건크래커,0%,"2,500",0,"현대식품관의 건강한 식재료와 유명 맛집의 레시피가 더해진 프리미엄 가정식 브랜드, 원테이블(1Table)의 채소 크래커를 소개합니다.식물성 원재료로 만든 원테이블 크래커는 오븐에 구워내 기름기 없이 담백하고 바삭바삭합니다. 다양한 채소의 맛을 담아 다채로운 풍미를 느낄 수 있는 채소 크래커를 즐겨보세요. 
                            	
                                
                                    From. 밥상주치의 그리팅


",50g,240kcal
[1Table] 부타이 로스카츠,0%,"12,500",0,"현대식품관의 건강한 식재료와 유명 맛집의 레시피가 더해진 프리미엄 가정식 브랜드, 원테이블(1Table)의 부타이 로스카츠를 소개해요. 캐주얼 일식 레스토랑 부타이만의 특별한 시즈닝을 통해 숙성한 로스카츠는 육즙 가득하고 부드러움이 뛰어나요. 또 두툼한 국내산 통등심으로 씹는 즐거움을 느낄 수 있어요. 올리브나 히말라야 핑크솔트를 곁들이면 부타이 로스카츠만의 육즙과 풍미를 더욱 깊게 느끼실 수 있어요. 
                            	
                                
                                    From. 밥상주치의 그리팅


",495g,1335kcal
[1Table] 소곱창 오일 파스타,0%,"11,500",0,"현대식품관의 건강한 식재료와 유명 맛집의 레시피가 더해진 프리미엄 가정식 브랜드, 원테이블(1 Table)의 프렙 소곱창 파스타를 소개해요. 고소한 소곱창이 듬뿍 들어간 오일 파스타예요. 프렙은 도산공원에서 10년 넘게 사랑받고 있는 이탈리안 레스토랑 '그랑씨엘' 이송희 오너 셰프가 만든 밀키트 전문 브랜드입니다. 그랑씨엘 파스타 맛과 이송희 오너 셰프만의 노하우를 그대로 담아 원테이블 상품으로 완성하였습니다. 집에서도 레스토랑에서 먹던 맛 그대로 즐겨보세요. 
                            	
                                
                                    From. 밥상주치의 그리팅


",294g,680kcal
[1Table] 명란 치즈 파스타,0%,"9,800",0,"현대식품관의 건강한 식재료와 유명 맛집의 레시피가 더해진 프리미엄 가정식 브랜드, 원테이블(1 Table)의 프렙 명란 치즈 파스타를 소개해요. 짭조름한 명란과 숙성된 풍미가 돋보이는 그라파다노치즈로 맛을 냈어요. 프렙은 도산공원에서 10년 넘게 사랑받고 있는 이탈리안 레스토랑 '그랑씨엘' 이송희 오너 셰프가 만든 밀키트 전문 브랜드입니다. 그랑씨엘 파스타 맛과 이송희 오너 셰프만의 노하우를 그대로 담아 원테이블 상품으로 완성하였습니다. 집에서도 레스토랑에서 먹던 맛 그대로 즐겨보세요. 
                            	
                                
                                    From. 밥상주치의 그리팅


",297g,700kcal
[1Table]명인명촌 제주흑돈 고추장불고기,10%,"7,110","7,900","

                                    From. 밥상주치의 그리팅


",400g,530kcal
[1Table] 존쿡 델리미트 모짜렐라 핫도그,0%,"8,500",0,"

                                    From. 밥상주치의 그리팅


",475g,1550kcal
[1Table] 양구 시래기밥,0%,"6,000",0,"현대식품관의 건강한 식재료와 유명 맛집의 레시피가 더해진 프리미엄 가정식 브랜드, 원테이블(1 Table)의 양구 펀치볼 시래기밥을 소개해요.푸른 무청을 말린 시래기는 밥을 지을 때 함께 넣으면 구수한 향이 가득 퍼지며 입맛을 자극하는데요. 오늘은 강원도 양구 펀치볼 마을의 명품 시래기를 넣어 질기지 않고 부드러운 별미 나물밥을 지었어요. 시래기는 들기름과 들깻가루를 넣고 볶아 더욱 고소하고요. 밥은 가마솥 직화 방식으로 조리해 고슬고슬하고 윤기가 차르르 흘러요. 기름을 두르고 볶은 시래기밥에 함께 동봉해 드린 간장 양념장을 넣고 골고루 잘 비벼서 드세요. 
                            	
                                
                                    From. 밥상주치의 그리팅


",474g,930kcal
[1Table] 갈비 낙지 볶음밥,10%,"6,750","7,500","현대식품관의 건강한 식재료와 유명 맛집의 레시피가 더해진 프리미엄 가정식 브랜드, 원테이블(1 Table)의 갈비 낙지 볶음밥을 소개해요.가끔은 상상만 해도 침이 고일 만큼 매콤한 음식이 당길 때가 있죠. 오늘은 가마솥 직화방식으로 지은 밥에 호주산 부드러운 갈비와 쫄깃한 낙지, 송송 썬 청양고추를 넣어 매콤달콤한 볶음밥을 준비했어요. 대파, 양파, 당근, 마늘종 등 채소도 다양하게 넣어 건강까지 생각했어요. 기름을 두른 팬에 볶거나, 전자레인지에 살짝 데워 주면 입맛 돋우는 간편한 한 끼가 완성됩니다. 여기에 참기름과 김 가루 고명을 곁들이면 더 맛있어요. 
                            	
                                
                                    From. 밥상주치의 그리팅


",450g,680kcal
[1Table] 한우 나주곰탕,15%,"6,120","7,200","

                                    From. 밥상주치의 그리팅


",400g,95kcal
[1Table] 한우 육개장,15%,"6,120","7,200","현대식품관의 건강한 식재료와 유명 맛집의 레시피가 더해진 프리미엄 가정식 브랜드, 원테이블(1Table)의 한우 육개장을 소개해요.신선한 한우와 진한 고기육수, 푸짐한 건더기가 만들어 내는 얼큰하고 개운한 맛이 일품이죠.오랜 시간 정성 들여 조리하는 어머니의 마음처럼 하나하나 세심히 준비했습니다. 원테이블로 간편한 식사를 준비해 보세요. 
                            	
                                
                                    From. 밥상주치의 그리팅


",400g,135kcal
[1Table] 디아볼라 피자,0%,"10,000",0,"현대식품관의 건강한 식재료와 유명 맛집의 레시피가 더해진 프리미엄 가정식 브랜드, 원테이블(1Table)의 디아볼라 피자를 소개합니다.원테이블 디아볼라 피자는 담백한 도우가 매력적인 나폴리 스타일의 프리미엄 피자입니다. 4조각으로 나뉘어져 에어프라이어에 편하게 넣을 수 있습니다. 살짝 매콤하나 토마토 소스 위에 짭짤한 초리조 슬라이스가 올라가 매콤짭짤한 맛을 한 번에 느껴보세요. 
                            	
                                
                                    From. 밥상주치의 그리팅


",330g,705kcal
[1Table] 한우 궁중잡채,0%,"13,500",0,"현대식품관의 건강한 식재료와 유명 맛집의 레시피가 더해진 프리미엄 가정식 브랜드, 원테이블(1 Table)의 한우 궁중잡채를 소개해요.탱글탱글한 당면에 한우와 표고버섯, 목이버섯 등 6가지의 다채로운 고명을 넣고 정성이 담긴 비법 레시피를 활용해 원테이블만의 잡채를 완성했어요. 적당한 간과 감칠맛으로 입맛을 돋우어주고, 풍성한 재료의 다채로운 식감을 느끼실 수 있을거예요. 재료를 하나하나 손질하고 조리해 번거로웠던 잡채를 원테이블 잡채로 집에서 손쉽게 즐겨보세요.

                                    From. 밥상주치의 그리팅


",275*2ea,820kcal
[1Table] 청기와타운 무생채 볶음밥,20%,"6,000","7,500","현대식품관의 건강한 식재료와 유명 맛집의 레시피가 더해진 프리미엄 가정식 브랜드, 원테이블(1 Table)의 청기와타운 무생채 볶음밥을 소개해요.양념갈비 맛집 '청기와타운'의 별미 메뉴인 무생채 볶음밥을 준비했어요. 청기와타운의 무생채 볶음밥은 아삭한 무생채와 고소한 차돌양지로 씹는 맛을 살리고, 매콤달콤한 특제 양념으로 감칠맛을 줬어요. 멀리 가지 않고 집에서 간편하게 청기와타운의 무생채 볶음밥을 즐겨보세요. 
                            	
                                
                                    From. 밥상주치의 그리팅


",225g*2ea,850kcal
[1Table] 트러플 버섯 피자,0%,"11,000",0,"현대식품관의 건강한 식재료와 유명 맛집의 레시피가 더해진 프리미엄 가정식 브랜드, 원테이블(1 Table)의 트러플 버섯 피자를 소개해요.원테이블 트러플 버섯 피자는 담백한 도우가 매력적인 나폴리 스타일의 프리미엄 피자입니다. 4조각으로 나누어져 에어프라이어에 편하게 조리할 수 있을 거예요. 새송이, 양송이, 만가닥 버섯의 다양한 조화와 트러플의 고급스러운 풍미는 레드와인을 곁들였을 때 더욱 돋보일 거예요. 
                            	
                                
                                    From. 밥상주치의 그리팅


",300g,705kcal
[1Table] 마르게리타 피자,0%,"10,000",0,"현대식품관의 건강한 식재료와 유명 맛집의 레시피가 더해진 프리미엄 가정식 브랜드, 원테이블(1 Table)의 마르게리타 피자를 소개해요.원테이블 마르게리타 피자는 담백한 도우가 매력적인 나폴리 스타일의 프리미엄 피자입니다.  4조각으로 나누어져 에어프라이어에 편하게 조리가 가능하실 거예요. 특제 토마토소스와 치즈, 바질이 조화를 이루는 다채로운 맛을 느껴보세요. 
                            	
                                
                                    From. 밥상주치의 그리팅


",320g,675kcal
[1Table] 콰트로치즈 피자,0%,"8,000",0,"현대식품관의 건강한 식재료와 유명 맛집의 레시피가 더해진 프리미엄 가정식 브랜드, 원테이블(1 Table)의 콰트로치즈 피자를 소개해요. 원테이블 콰트로치즈 피자는 모짜렐라, 에멘탈, 그라나파다노, 체다 치즈를 듬뿍 넣어 입안 가득 치즈의 풍미를 느낄 수 있는 피자에요. 도우는 찹쌀을 넣어 만들어 전자레인지에 돌려도 쫄깃한 맛을 끝까지 즐길 수 있을거예요. 
                            	
                                
                                    From. 밥상주치의 그리팅


",280g,785kcal
[1Table] 페퍼로니 피자,0%,"8,000",0,"현대식품관의 건강한 식재료와 유명 맛집의 레시피가 더해진 프리미엄 가정식 브랜드, 원테이블(1 Table)의 페퍼로니 피자를 소개해요. 원테이블 페퍼로니 피자는 도우를 가득 채운 페퍼로니와 모짜렐라 치즈의 조화가 일품인 프리미엄 피자에요. 찹쌀을 넣어 만든 도우는 전자레인지에 돌려도 쫄깃한 맛을 끝까지 즐기실 수 있답니다. 
                            	
                                
                                    From. 밥상주치의 그리팅


",330g,825kcal
[1Table] 한우 잡채볶음밥,10%,"4,950","5,500","

                                    From. 밥상주치의 그리팅


",450g,700kcal
[1Table] 담양 죽순밥,0%,"5,500",0,"

                                    From. 밥상주치의 그리팅


",450g,660kcal
[너의요구] 유기농 무가당 그릭요거트 패키지(90gX2),20%,"5,200","6,500","그릭요거트가 퍽퍽해서 먹기 부담스러우셨다면, 발효시간과 유청 농도를 조절하여 목메이지 않는 부드러운 식감이 매력적인 [너의요구] 유기농 그릭요거트를 드셔보세요. 국내 친환경 목장에서 생산된 유기농 우유로 만들어 맛, 식감은 물론 신선하고 건강함까지 선물해 줄 거예요. HACCP인증 시설에서 개별 포장을 하기 때문에 믿고 드셔도 좋습니다. 그릭요거트 자체로 드셔도 좋고, 견과류, 잼 등을 곁들여 드셔도 좋아요. 넉넉하게 드실 수 있게 2개를 묶어 패키지로 할인가에 만나보세요!*배송 과정 중 유청 분리현상이 일어나 물기가 발생할 수 있습니다. 하루 정도 냉장 보관 시 다시 크리미한 식감으로 원상복귀됩니다. 
                            	
                                
                                    From. 밥상주치의 그리팅


",180g,190kcal
[참프레]동물복지 수비드 닭가슴살 3종(냉장),0%,"2,800",0,"

                                    From. 밥상주치의 그리팅


",130g,130kcal
[그리팅] 무항생제 우유,0%,"3,900",0,"새벽 5시에 갓 짠 그리팅 무항생제 우유는 경기도 이천의 지정 목장에서 당일 착유, 당일 생산해 가장 신선한 상태로 식탁에 오릅니다.HACCP 인증을 받은 9만평 목초지에서 건강하게 기른 소, 위생적인 시설에서 가공한 1A 등급(세균수 기준) 프리미엄 우유. 믿고 먹을 수 있는 우유의 모든 조건을 한 병에 담았습니다. 그리팅이 선택한 무항생제 우유로 원유 그대로의 신선함을 느껴보세요!※ 주말은 목장 휴무로 금요일 오후 7시부터 일요일 오후 7시까지는 주문이 불가합니다. 당일 생산, 당일 출고 상품으로 고객님의 이해 부탁드립니다. 
                            	
                                
                                    From. 밥상주치의 그리팅


",900ml,594kcal
부드러운 소불고기 반미 샌드,0%,"4,500",0,"부드러운 소불고기 반미 샌드를 준비했어요.반을 가른 고소한 반미 브레드 속에 소불고기와 신선한 채소를 가득 담았어요. 부드러운 소불고기는 달콤한 간장 양념으로 볶아서 넣었고, 새콤달콤한 무 당근 절임은 느끼함을 잡아줘 더욱 맛있게 즐길 수 있답니다.맛있고 건강한 재료들이 한데 어우러져 든든한 한 끼 식사로 제격이에요. 바쁜 시간에 간편한 한 끼 식사 대용으로, 나들이의 샌드위치로 드셔도 좋습니다. 그리팅에서 이국적인 샌드위치를 즐겨보세요! 
                            	
                                
                                    From. 밥상주치의 그리팅


",145g,310kcal
[I like Eat] 베이컨치즈토마토 샌드위치,5%,"3,890","4,100","기분 좋은 하루를 만들어 줄 담백한 베이컨 치즈 토마토 샌드위치를 소개해요. 곡물 식빵에는 짭조름한 베이컨과 달콤한 허니머스타드 소스를 넣어 만든 베이컨 샐러드를 듬뿍 담았어요. 여기에 고소한 치즈와 아삭한 채소로 든든함을 더했어요. 신선하고 맛있는 샌드위치와 함께 영양이 가득한 한 끼를 지금 만나보세요! 
                            	
                                
                                    From. 밥상주치의 그리팅


",169g,420kcal
[I like Eat] 크랜베리&치킨 샌드위치,5%,"3,990","4,200","달콤한 크랜베리와 담백한 닭가슴살의 조화는 맛이 없을 수 없죠! 부드러운 곡물 식빵에 신선한 양상추와 토마토를 넣어 건강한 맛을 살렸어요. 아삭한 오이피클의 새콤달콤함은 자칫 느끼할 수 있는 맛도 잡아주죠. 든든하고 간편하게 먹을 수 있는 크랜베리&치킨 샌드위치를 지금 만나보세요! 
                            	
                                
                                    From. 밥상주치의 그리팅


",182g,470kcal
[비락]올바른 유기농 식혜(5입),0%,"6,000",0,"비락 올바른 유기농식혜는 전통방식을 그대로 살려 식혜 본연의 맛을 보존하여 고유 맛을 살렸어요.엿기름, 쌀페이스, 설탕 등 원료 모두를 100% 유기농으로만 구성되어 유기가공식품 인증을 받았어요. 전자레인지에 간편하게 데워 드시면 따뜻한 식혜의 풍미도 즐기실 수 있어요. 
                            	
                                
                                    From. 밥상주치의 그리팅


",110ml*5입,150kcal
올리브 리코타치즈 샐러드,0%,"8,000",0,"블랙 올리브 볶음의 향긋한 풍미를 입안 가득 느낄 수 있는 고급스러운 샐러드를 소개해요. 담백한 리코타 치즈와 루꼴라의 신선하면서도 쌉싸름함의 조화가 매력적인 샐러드에요.여기에 통통한 칵테일 새우구이와 당근 라페 토핑은 풍부한 식감과 든든함을 더해주죠. 발사믹 글레이즈 드레싱을 곁들여 건강한 샐러드 한 끼를 즐겨보세요. 
                            	
                                
                                    From. 밥상주치의 그리팅


",230g,320kcal
월남쌈 샐러드&라이스페이퍼,0%,"9,500",0,"다채로운 색감에 눈도 즐겁고, 입안 가득 신선함을 선사해 줄 월남쌈 샐러드를 준비했어요. 샐러드에는 짭조름한 돼지고기볶음부터 치커리, 양상추, 적재 등 15가지 이상의 다양한 재료를 담았어요. 라이스 페이퍼에 재료를 감싼 뒤, 취향에 따라 스리라차 소스나 참깨마요 드레싱과 함께 드세요. 쫀득한 라이스페이퍼와 신선한 채소의 식감이 기분 좋은 한 끼를 완성해 줄 거예요. 
                            	
                                
                                    From. 밥상주치의 그리팅


",413g,702kcal
월남쌈 샐러드,0%,"8,500",0,"다채로운 색감에 눈도 즐겁고, 입안 가득 신선함을 선사해 줄 월남쌈 샐러드를 준비했어요. 샐러드에는 짭조름한 돼지고기볶음부터 치커리, 양상추, 적재 등 15가지 이상의 다양한 재료를 담았어요. 취향에 따라 스리라차 소스나 참깨마요 드레싱과 함께 드시면 신선한 채소의 맛을 더욱 맛있게 즐길 수 있을 거예요. 
                            	
                                
                                    From. 밥상주치의 그리팅


",313g,355kcal
참나물 미트파스타 샐러드,0%,"5,800",0,"파스타와 샐러드를 동시에 즐길 수 있는 매력적인 샐러드를 소개해요. 담백한 돼지고기는 쪽파와 함께 볶아 풍미를 더했고, 쫀득한 식감의 구운 버섯도 함께 담았어요. 숏파스타인 카사레치아와 함께 섞어 즐겨보세요. 향긋한 참나물과 상큼한 레몬 드레싱으로 산뜻함까지 가득 채웠답니다. 
                            	
                                
                                    From. 밥상주치의 그리팅


",155g,280kcal
[하림]IFF 동물복지 한입 쏙 닭가슴살 청양고추,0%,"10,500",0,"닭 가슴살을 한 입 크기로 커팅 하여 따로 손질할 필요 없는 하림의 동물복지 한입 쏙 닭 가슴살을 소개해요.영하 35도 이하에서 40분간 급속 동결하는 IFF(Individual Fresh Frozen) 기법을 사용해 육질이 신선하고 식감이 촉촉해요.청양고추가 들어있어 매콤한 맛을 느낄 수 있는 한입 쏙 닭 가슴살 청양고추를 즐겨보세요. 
                            	
                                
                                    From. 밥상주치의 그리팅


",500g,550kcal
[하림]IFF 동물복지 한입 쏙 닭가슴살 오리지널,0%,"10,500",0,"닭 가슴살을 한 입 크기로 커팅 하여 따로 손질할 필요 없는 하림의 동물복지 한입 쏙 닭 가슴살을 소개해요.영하 35도 이하에서 40분간 급속 동결하는 IFF(Individual Fresh Frozen) 기법을 사용해 육질이 신선하고 식감이 촉촉해요.소금, 후추로 간이 되어 있어 담백한 닭 가슴살 본연의 맛을 즐길 수 있는 한입 쏙 닭 가슴살 오리지널을 즐겨보세요. 
                            	
                                
                                    From. 밥상주치의 그리팅


",500g,575kcal
뿌리채소 치킨 샐러드,0%,"7,500",0,"채소 본연의 풍미를 그대로 담은 뿌리채소 치킨 샐러드를 소개해요. 잎채소와 조화롭게 어우러지는 연근과 비트는 아삭아삭한 식감을 선사해 줘요. 여기에 한입에 먹기 좋은 바질 닭살 구이를 넣어 영양을 더했답니다. 고소한 참깨 마요 드레싱을 얹어 더욱 건강하고 맛있는 샐러드를 즐겨 보세요. 
                            	
                                
                                    From. 밥상주치의 그리팅


",240g,355kcal
옛날도시락 샐러드,0%,"6,200",0,"그때 그 시절 추억이 몽글몽글 떠오르는 옛날 도시락을 샐러드로 구현했어요. 백미 대신 탱글한 식감의 찰보리는 잔멸치와 버터에 볶아 고소한 맛을 자랑해요. 유기농 현미 식초와 새우 가루에 볶은 새콤한 배추 볶음과, 오븐에 구운 베이컨은 샐러드를 더욱 풍성하게 만들어주죠. 참기름과 김가루를 뿌려 야무지게 비벼 주면 간편하지만 영양 가득한 샐러드 한 끼가 완성돼요. 
                            	
                                
                                    From. 밥상주치의 그리팅


",143g,165kcal
[하루견과] 미라클모닝 20g*20입 세트,0%,"20,000",0,"여러 가지 종류의 견과와 초코 밀크 프로틴 볼까지 들어가 맛과 영양까지 채운 하루견과 미라클 모닝 20입 세트를 소개해요.아몬드, 호두, 피칸, 캐슈너트 그리고 달콤한 단백질 초코 밀크 프로틴 볼까지 들어가 다양한 견과류와 달콤한 초콜릿을 한 번에 즐길 수 있답니다.초코 밀크 프로틴 볼은 우유를 잘 못 드시는 분들도 편하게 드실 수 있도록 분리 우유 단백(MPI)과 단백질 순도가 높은 분리 유청 단백(WPI)을 적용한 프로틴 볼이에요.20g씩 소포장해서 담아내어 하루 한봉 간편하게 하루견과 미라클 모닝을 즐겨보세요. 
                            	
                                
                                    From. 밥상주치의 그리팅


",20g*20입,2520kcal
[인테이크] 닥터넛츠 다크초콜릿 호두,0%,"9,000",0,"초콜릿으로 달콤하게 감싼 프리미엄 견과의 품격, 인테이크의 닥터넛츠 다크초콜릿을 소개해요.고소함 프리미엄 견과 호두를 달콤한 코코아 버터를 사용한 리얼 초콜릿으로 한 번, 쌉싸름한 코코아 파우더로 또 한 번 감싸 품격이 다른 맛의 퀄리티를 느낄 수 있답니다. 한 팩 당 30g 소포장으로 한 번에 먹기 딱 좋은 양으로 가볍게 즐겨보세요! 
                            	
                                
                                    From. 밥상주치의 그리팅


",30g*5입,185kcal
[인테이크] 닥터넛츠 다크초콜릿 아몬드,0%,"9,000",0,"초콜릿으로 달콤하게 감싼 프리미엄 견과의 품격, 인테이크의 닥터넛츠 다크초콜릿을 소개해요.고소함 프리미엄 견과 아몬드를 달콤한 코코아 버터를 사용한 리얼 초콜릿으로 한 번, 쌉싸름한 코코아 파우더로 또 한 번 감싸 품격이 다른 맛의 퀄리티를 느낄 수 있답니다. 한 팩 당 30g 소포장으로 한 번에 먹기 딱 좋은 양으로 가볍게 즐겨보세요! 
                            	
                                
                                    From. 밥상주치의 그리팅


",30g*5입,145kcal
[인테이크] 모닝죽 알밤,15%,"2,040","2,400","아침엔 간편하고 건강하고 가볍게! 인테이크의 모닝 죽을 소개해요.스파우트형 죽으로 바쁜 일상에 아침 준비 1초 컷으로 식사를 대용할 수 있는 식품이에요. 부담 없는 칼로리와 부드러운 목 넘김으로 간단히 드실 수 있으며 출출한 오후 간식과 야식으로도 즐겨보세요.인기쟁이 모닝 죽 알밤은 촉촉한 국산 알밤을 사용하여 달고 부드러운 바밤바 맛으로 남녀노소 좋아하는 맛이랍니다. 
                            	
                                
                                    From. 밥상주치의 그리팅


",130g,90kcal
[인테이크] 모닝죽 단호박,15%,"2,040","2,400","아침엔 간편하고 건강하고 가볍게! 인테이크의 모닝 죽을 소개해요.모닝 죽은 국산 단호박을 사용한 스파우트형 죽으로 바쁜 일상에 아침 준비 1초 컷으로 식사를 대용할 수 있는 식품이에요.부담 없는 칼로리와 부드러운 목 넘김으로 간단히 드실 수 있으며 출출한 오후 간식과 야식으로도 즐겨보세요.인기폭발 모닝 죽 단호박은 달달한 단호박과 풍미 가득한 쌀알이 톡톡 튀는 식감이 일품이랍니다 
                            	
                                
                                    From. 밥상주치의 그리팅


",130g,75kcal
[인테이크] 모닝죽 꿀고구마,15%,"2,040","2,400","아침엔 간편하고 건강하고 가볍게! 인테이크의 모닝 죽을 소개해요.모닝 죽은 국산 고구마를 사용한 스파우트형 죽으로 바쁜 일상에 아침 준비 1초 컷으로 식사를 대용할 수 있는 식품이에요.부담 없는 칼로리와 부드러운 목 넘김으로 간단히 드실 수 있으며 출출한 오후 간식과 야식으로도 즐겨보세요.꿀처럼 달콤한 모닝 죽 꿀 고구마는 마치 꿀을 넣은 듯한 달콤한 맛이 일품이랍니다. 
                            	
                                
                                    From. 밥상주치의 그리팅


",130g,80kcal
[인테이크] 모닝죽 귀리,15%,"2,040","2,400","아침엔 간편하고 건강하고 가볍게! 인테이크의 모닝 죽을 소개해요.스파우트형 죽으로 바쁜 일상에 아침 준비 1초 컷으로 식사를 대용할 수 있는 식품이에요.부담 없는 칼로리와 부드러운 목 넘김으로 간단히 드실 수 있으며 출출한 오후 간식과 야식으로도 즐겨보세요.고소함이 일품인 모닝죽 귀리는 국산 농산물 귀리로 만들어 담백하고 고소한 맛이 특징이랍니다. 
                            	
                                
                                    From. 밥상주치의 그리팅


",130g,80kcal
치킨 스테이크 샐러드,0%,"7,500",0,"큼직한 닭가슴살을 담백하게 구워 토핑으로 올린 치킨 스테이크 샐러드입니다. 새콤한 무 비트 절임을 곁들여 산뜻하고 톡톡 튀는 맛을 더했어요. 건강한 포만감을 채워줄 단호박 구이와 캐슈넛을 함께 담았으니 균형 잡힌 한 끼 식사로 충분할 거예요. 설탕 대신 알룰로스로 가볍게 만든 그리팅 특제 머스타드 드레싱을 골고루 섞어 든든하고 맛있게 즐겨보세요. 
                            	
                                
                                    From. 밥상주치의 그리팅


",272g,380kcal
양장피 샐러드,0%,"7,500",0,"여름철 입맛 돋우는 이색적인 냉채 샐러드입니다. 새콤하고 톡 쏘는 맛이 일품인 양장피와 굴소스에 볶은 돼지고기, 해산물, 계란 지단까지 푸짐한 토핑으로 근사한 요리같은 샐러드를 구현했어요. 그리팅 특제 겨자 드레싱은 알싸한 겨자에 배 퓨레와 올리고당으로 단맛을 더해 건강하게 즐길 수 있답니다. 
                            	
                                
                                    From. 밥상주치의 그리팅


",265g,280kcal
풍기리소토 샐러드,0%,"5,800",0,"버섯을 활용해 이탈리아식으로 즐길 수 있는 풍기리소토 샐러드를 선보여요. 오늘의 주인공인 버섯은 오븐에 노릇하게 구워 특유의 쫄깃한 식감과 진한 향을 살렸어요. 곡물을  넣어 고소하게 볶은 버섯볶음과 닭가슴살도 토핑으로 함께 준비했으니 든든하게 즐겨보세요. 알싸하면서도 부드러운 맛을 더해줄 양파 치즈 마요 드레싱을 곁들이면 풍미가 더욱 깊어요. 
                            	
                                
                                    From. 밥상주치의 그리팅


",160g,210kcal
[아몬드브리즈] 언스윗 950ml,0%,"3,980",0,"푸드 얼리어답터 사이에서 큰 인기를 끌고 있는 아몬드 음료, 아몬드 브리즈를 소개합니다. 100% 캘리포니아산 프리미엄 아몬드를 갈아 압착한 후, 물과 혼합하여 만들어 남녀노소 모두 가볍게 즐길 수 있습니다.커피에 아몬드 브리즈를 섞어 고소한 라떼로 즐기셔도 좋고요, 과일이나 시리얼과 함께 섞어 식사 대용으로 드시면 든든하실 거예요. 담백한 맛으로 부담 없이 풍부한 포만감을 원하시는 분들께 안성맞춤이랍니다. 
                            	
                                
                                    From. 밥상주치의 그리팅


",950ml,190kcal
[바삭하고] 고구마칩 5입,0%,"17,500",0,"바삭한 식감이 매력적이고 건강하고 고소한 단맛이 입안 가득 퍼지는 '바삭하고 고구마칩'을 소개해요. 국내산 구운 고구마의 껍질을 벗긴 후, 수분은 모두 날리고 먹기 좋게 구워냈습니다. 한 팩에는 110~120g의 꿀 고구마로 유명한 해남 숙성 고구마가 들어가 있어요. 칩 그 자체로도 맛있지만, 잘게 부셔서 요거트나 아이스크림 토핑으로 곁들이면 더욱 좋아요. 하나만 먹기 아쉬운 바삭하고를 5입 세트로 만나보세요! 
                            	
                                
                                    From. 밥상주치의 그리팅


",200g,750kcal
[그리팅] 무가당 요거트,20%,"4,400","5,500","그리팅 무가당 요거트는 경기도 이천의 지정 목장에서 당일 착유, 당일 생산한 원유에 제주 용암해수 프로바이오틱스를 첨가하여 신선한 상태로 식탁에 오릅니다.HACCP 인증을 받은 9만평 목초지에서 건강하게 기른 소, 위생적인 시설에서 가공한 1A 등급(세균수 기준) 프리미엄 우유에 프로바이오틱스를 첨가하여 건강함을 한 병에 담았습니다. 그리팅이 선택한 무가당 요거트로 신선함을 느껴보세요!  
                            	
                                
                                    From. 밥상주치의 그리팅


",500ml,300kcal
해물 볶음밥 키트,0%,"3,500",0,"별다른 반찬 없이도 한 그릇 뚝딱 즐기기 좋은 해물 볶음밥 키트를 소개해요. 볶음밥 키트에는 아이들이 좋아하는 탱글탱글한 새우와 오징어, 옥수수를 듬뿍 넣었어요. 신선한 국산 호박, 양파, 당근을 사용해 안심하고 드실 수 있답니다. 자극적이지 않고 삼삼한 맛으로 만족스럽고 푸짐한 아이들 밥상을 완성해 보세요. 
                            	
                                
                                    From. 밥상주치의 그리팅


",110g,95kcal
[I like Eat] 베이컨 시저 샐러드,0%,"5,400",0,"짭조름한 감칠맛을 더해줄 베이컨볶음과 바삭한 크루통이 어우러진 담백한 샐러드를 준비했어요. 오븐에 노릇하게 구워낸 국산 감자, 당근, 오이는 큼지막하게 썰어내 든든한 포만감을 선사해요. 여기에 라이코펜, 베타카로틴이 풍부한 썬드라이 토마토를 토핑으로 올려보세요. 그리팅이 직접 만든 양파 치즈 마요 드레싱까지 곁들이면 맛과 영양을 가득 담은 한 끼를 즐기실 수 있을 거예요. 
                            	
                                
                                    From. 밥상주치의 그리팅


",143g,280kcal
[I like Eat] 치킨텐더 흑미 샐러드,0%,"5,400",0,"부드럽고 담백한 국산 닭안심살 텐더를 토핑으로 듬뿍 올린 샐러드를 선보여요. 기름에 튀기지 않고 오븐에 담백하게 구워내 더욱 건강하게 즐길 수 있어요. 여기에 쫀득한 식감의 진흑미와 아삭한 방울토마토 토핑으로 재밌는 식감까지 놓치지 마세요. 신선한 샐러드에 직접 만든 머스타드 드레싱을 골고루 섞어 맛과 영양을 가득 담은 한 끼를 즐겨보세요. 
                            	
                                
                                    From. 밥상주치의 그리팅


",166g,250kcal
[I like Eat] 크랜베리 치킨 샐러드,0%,"5,400",0,"그리팅이 엄선한 4가지 잎채소에 닭가슴살과 크랜베리로 상큼함을 더한 샐러드를 선보여요. 부드러운 국산 닭가슴살은 블랙페퍼로 마리네이드 하여 담백하답니다. 식이섬유, 비타민C가 풍부한 크랜베리와 무염 아몬드를 곁들이면 더욱 건강하게 즐길 수 있어요. 여기에 그리팅이 직접 만든 참깨 마요 드레싱을 섞어 담백하고 고소한 샐러드를 즐겨보세요. 
                            	
                                
                                    From. 밥상주치의 그리팅


",169g,270kcal
[키알라퓨어푸드] 유기농 팬케익 믹스 오리지널,0%,"14,000",0,"호주에서 가장 큰 유기농 곡물 제분 및 유기농 가공식품 회사로 100% 유기농 제품만을 생산하는 [키알라퓨어푸드]의 팬케익 믹스를 소개해요. 팬케익 믹스는 별도의 계량이 필요 없이, 우유만 부어 위아래로 흔들어주면 반죽이 완성된답니다. 밀가루, 설탕, 해바라기씨유 모두 유기농 재료를 사용해 간편함과 동시에 건강함도 챙겼어요. 우유의 담백함이 더해져 고소한 풍미는 물론, 겉은 바삭하고 속은 촉촉한 팬케익을 집에서도 쉽게 만드실 수 있습니다. 완성된 팬케익 위에 요거트를 뿌려드셔도 좋고, 취향대로 토핑을 얹어 드시면 근사한 홈 카페가 완성됩니다! 
                            	
                                
                                    From. 밥상주치의 그리팅


",345g,1529kcal
[바삭하고] 고구마칩,0%,"3,500",0,"바삭한 식감이 매력적이고 건강하고 고소한 단맛이 입안 가득 퍼지는 '바삭하고 고구마칩'을 소개해요. 국내산 구운 고구마의 껍질을 벗긴 후, 수분은 모두 날리고 먹기 좋게 구워냈습니다. 한 팩에는 110~120g의 꿀 고구마로 유명한 해남 숙성 고구마가 들어가 있어요. 칩 그 자체로도 맛있지만, 잘게 부셔서 요거트나 아이스크림 토핑으로 곁들이면 더욱 좋아요. '바삭하고 고구마칩'으로 간편하고 건강한 간식을 즐겨보세요. 
                            	
                                
                                    From. 밥상주치의 그리팅


",40g,150kcal
계란듬뿍 모닝샌드&모짜렐라 샐러드,0%,"6,900",0,"그리팅과 베즐리가 만나 알찬 구성의 런치박스를 선보여요! 샌드위치는 부드러운 베즐리의 모닝빵에 영양 가득한 국산 계란을 듬뿍 넣었어요. 양상추, 그린 치커리, 청상추와 라디치오 네 가지 샐러드는 그리팅이 엄선해 더욱 신선해요. 여기에 토마토, 올리브, 모짜렐라 치즈 등 토핑을 한껏 올렸답니다. 제공되는 산뜻한 발사믹 비네거 드레싱을 함께 곁들여 꽉 채운 런치 박스로 든든함을 채워보세요. 
                            	
                                
                                    From. 밥상주치의 그리팅


",234g,470kcal
불고기 퀘사디아,0%,"9,500",0,"오늘은 특별한 재료 없이 간편하게 브런치로 즐기기 좋은 퀘사디아를 준비했어요. 달콤한 양념이 배어든 불고기에, 각종 야채를 넣어 맛과 영양을 모두 챙겼답니다. 쭈욱 늘어나는 모차렐라 치즈에 타코 드레싱을 듬뿍 찍어 한 입 베어 물어보세요. 간단하지만 근사한 퀘사디아 브런치가 행복한 하루의 시작을 만들어줄 거예요.  
                            	
                                
                                    From. 밥상주치의 그리팅


",272g,625kcal
소고기 메추리알조림,10%,"6,750","7,500","남녀노소 모두에게 사랑받는 국민 밑반찬이 있다면, 그건 바로 소고기 메추리알 조림 아닐까요? 부드러운 소고기는 먹기 좋게 찢어 어간장에 졸였고, 담백한 메추리알은 고소함을 더해준답니다. 입안에 맴도는 기분 좋은 짭조름함이 더욱 기분 좋은 한 끼를 완성해 줄 거예요.

                                    From. 밥상주치의 그리팅


",250g,350kcal
[바삭] 현미누룽지 크래커 3종,0%,"4,000",0,"

                                    From. 밥상주치의 그리팅


",80g,316kcal
[잇츠베러] 비건 크래커 6가지 맛 ,0%,"2,500",0,"식물성 원재료로 만든 건강한 비건 스낵, 잇츠베러 크래커를 소개해요. 잇츠베러의 크래커는 밀과 유기농 원당을 배합해 기름에 튀기지 않고 오븐에 담백하게 구워냈어요. 바삭하고 많이 달지 않아 한 봉을 다 먹어도 속이 편하고 부담이 없죠. 게다가 영국 채식협회의 엄격한 비건 인증을 받은 제품으로 베지테리언도 걱정 없이 즐길 수 있는 똑똑한 과자랍니다.취향에 따라 골라 드실 수 있도록 여섯가지 맛으로 준비했어요. 고소한 약콩, 은은한 쑥 내음이 매력적인 쑥, 싱그러운 홍차 향의 얼그레이, 시나몬과 초콜릿이 달콤하게 어우러진 초코시나몬, 커피와 잘 어울리는 통밀 츄러스, 짭짤한 양파 풍미 가득한 어니언까지! 군것질이 생각나는 날, 잇츠베러 크래커로 죄책감 없는 간식 타임을 즐겨보세요. 
                            	
                                
                                    From. 밥상주치의 그리팅


",45g,215kcal
[모던구루] 수제 그래놀라 3종,0%,"11,000",0,"바쁜 현대인을 위한 한 끼, 모던구루 그래놀라를 소개해요. '건강하게 잘 챙겨 먹고 사는 것', 언뜻 보면 당연한 일이지만 돌이켜보면 시간에 쫓겨 끼니를 대충 때우는 날이 더 많죠. 자연 재료로 만들어 믿고 먹을 수 있는 모던구루 그래놀라로 분주한 일상 속 가벼운 식사를 챙겨보세요.밀가루, 정제 설탕, 팜유, 버터 없이 친환경 유기농 귀리와 불포화지방산이 가득한 통 견과를 듬뿍 넣어 만들었어요. 정제 설탕 대신 캐나다산 단풍나무 수액으로 단맛을 내고, 스페인산 올리브유로 깊은 풍미를 더했죠. 무엇보다 7시간에 걸쳐 곡물과 견과류를 따로 굽는 방식으로 알맞은 식감을 구현했어요. 단단하게 뭉쳐진 귀리는 종이처럼 퍼석거리지 않고 쿠키처럼 바삭하답니다. 쌉싸름한 커피 향이 진하게 퍼지는 에스프레소, 바닐라빈으로 고급스러운 풍미를 더한 바닐라, 이탈리아산 고급 다크초콜릿으로 단맛을 낸 크런치 카카오까지! 개성 넘치는 세가지 맛으로 준비했으니 취향에 따라 다양하게 즐겨 보세요. 
                            	
                                
                                    From. 밥상주치의 그리팅


",230g,165kcal
불고기 덮밥소스(180g),10%,"5,850","6,500","달짝지근한 풍미로 마음을 사르르 녹여 줄 불고기 덮밥 소스를 준비했어요. 사과로 연육해 부드러운 호주산 청정우는 구기자 간장 양념에 달큰하게 볶아냈어요. 표고버섯과 팽이버섯도 함께 넣어 쫀득한 식감을 더했어요. 설탕 대신 사과와 배로 단맛을 내 더욱 건강한 불고기 덮밥 소스를 만나보세요. 
                            	
                                
                                    From. 밥상주치의 그리팅


",180g,145kcal
치킨망고 카레소스(180g),15%,"4,250","5,000","

                                    From. 밥상주치의 그리팅


",180g,100kcal
닭고기 가쓰오 덮밥소스(180g),5%,"6,170","6,500","

                                    From. 밥상주치의 그리팅


",180g,190kcal
3無 순한 짜장소스 (180g),15%,"4,670","5,500","

                                    From. 밥상주치의 그리팅


",180g,190kcal
함박스테이크 & 비프브라운소스,5%,"9,970","10,500","촉촉한 육즙에 저절로 함박웃음을 짓게 만들어주는 함박 스테이크를 준비했어요. 스테이크는 소고기와 돼지고기를 최적의 비율로 섞어 다진 뒤 도톰하게 빚어 만들었어요. 양파, 양송이 등을 함께 다져 넣어 풍부한 식감도 함께 느낄 수 있을 거에요.소고기 육수로 만들어 더욱 진한 풍미의 비프 브라운 소스를 곁들이면, 고급 레스토랑 못지않은 함박스테이크를 이제 집에서도 만나 볼 수 있어요.

                                    From. 밥상주치의 그리팅


",405g,550kcal
부드러운 닭가슴살 콥 샐러드,0%,"6,200",0,"차가운 상태로 즐겨도 부드럽고 촉촉한 닭가슴살 콥샐러드를 준비했어요. 신선한 채소믹스에 동식물성 단백질을 골고루 채워줄 닭가슴살과 연자육, 강낭콩 토핑을 얹어보세요. 아삭한 파프리카와 적채, 톡톡 튀는 옥수수콘은 다채로운 식감의 재미를 더해줍니다. 여기에 다양한 토핑을 하나로 어우러주는 양파 치즈 마요 드레싱을 곁들여 드셔보세요.PS. 신선한 상품을 만들기 위해 주문 후 제조합니다. 유통기한은 제조일로부터 4일이니, 안전하게 기한 안에 꼭 드세요. 
                            	
                                
                                    From. 밥상주치의 그리팅


",176g,225kcal
멕시칸풍 타코 샐러드 (S/R),0%,"5,900",0,"이국적인 멕시칸풍 샐러드로 일상의 재미를 더해보세요. 돼지고기와 푹 삶은 강낭콩을 구기자 간장소스와 카레 분말, 토마토 페이스트 등으로 만든 양념에 버무린 타코 볶음은 색다른 풍미를 느낄 수 있어요. 오독오독 식감과 영양이 풍부한 견과믹스와 달콤한 옥수수, 올리브를 섞은 채소믹스를 토핑으로 준비했어요. 여기에 고소한 완두콩 바질 후무스를 신선한 채소에 얹고 타코 드레싱을 곁들여 든든하게 즐겨보세요! 
                            	
                                
                                    From. 밥상주치의 그리팅


",180g,275kcal
[이솔라비오] 유기농 귀리음료 1L,0%,"4,760",0,"

                                    From. 밥상주치의 그리팅


",1000ml,500kcal
[아몬드브리즈] 오리지널 950ml,0%,"3,980",0,"

                                    From. 밥상주치의 그리팅


",950ml,190kcal
마늘 대추 닭다리살구이,5%,"11,210","11,800","

                                    From. 밥상주치의 그리팅


",300g,570kcal
아몬드 멸치볶음,10%,"3,510","3,900","

                                    From. 밥상주치의 그리팅


",50g,140kcal
[특별한 맛]고맙당 고추장 250g,0%,"15,000",0,"국내 최초 로우 슈거 인증을 받은 저당 고추장을 사용한 고맙당의 고추장을 소개해요. 평소 탄수, 당분이 신경 쓰여 고추장을 멀리하셨다면 고맙당의 고추장을 만나보세요. 100% 국산고추를 사용해 더욱 믿을 수 있답니다. 
                            	
                                
                                    From. 밥상주치의 그리팅


",250g,238kcal
생감태,0%,"6,000",0,"감태는 청정갯벌에서 나오는 귀한 먹거리에요. 공장에서 기계로 찍어내지 않아 그 모양과 색이 다 다르답니다.해초류 특유의 바다 향이 고스란히 담겨있어 자극적인 맛에 길들여진 입맛에 색다르고, 건강한 바다의 맛을 느끼게 해줄 거예요. 오늘 저녁, 갓 지은 밥에 햇볕과 해풍으로 말린 생감태 한 장 올려 바다를 즐겨보세요. 
                            	
                                
                                    From. 밥상주치의 그리팅


",6g,19kcal
구운 김 6봉,0%,"10,000",0,"내 식탁 위의 바다'밥반찬으로 딱 좋은 김을 준비했어요.원초 그대로를 불에 살짝 구워서 담백한 맛이 일품이랍니다.그냥 드셔도 좋지만 밥에 싸 드시거나 젓갈, 달래 간장이랑 드시면 더욱 좋습니다. 
                            	
                                
                                    From. 밥상주치의 그리팅


",72g,251kcal
[명인명촌]홍진이 볶은 녹풍콩,0%,"4,000",0,"식당을 8년간 운영하던 홍진이 님은 지역 식재료를 이용하면 더 좋은 먹을거리를 만들 수 있다는 생각으로 마을기업을 설립했어요.재배가 쉬운 콩으로 시작해서 다양한 콩 기반 가공품을 생산하고 있으며 생산 후 모든 기계를 청소하는 등의 안전한 식품을 만들기 위해 많은 노력을 기울이고 있답니다.홍진이 볶은 녹풍 콩은 농업기술원에서 우리 콩 살리기 프로젝트의 일환으로 10여 년의 연구를 거쳐 복원한 토종 녹풍 콩이에요. 무쇠 압력 가공 기술로 기름 없이 한 번에 튀겨 딱딱하지 않고 바삭하답니다. 
                            	
                                
                                    From. 밥상주치의 그리팅


",14g*5개,64kcal
[명인명촌] 현미칩,0%,"3,500",0,"여주에서 유기농으로 키워 깨끗하게 도정한 현미, 신안의 토판에서 채취한 천일염, 명인명촌의 재료로 만든 건강한 간식이에요.철저한 원칙으로 농사지은 현미를 기름에 튀기지 않고 뜨거운 바람으로 구워내 곡물 그대로의 건강한 맛을 느낄 수 있답니다.씹을수록 고소한 현미의 식감은 자극적이지 않는 맛을 자랑해요. 
                            	
                                
                                    From. 밥상주치의 그리팅


",60g,236kcal
[명인명촌] 홍진이 콩국물,0%,"3,500",0,"식당을 8년간 운영하던 홍진이 님은 지역 식재료를 이용하면 더 좋은 먹을거리를 만들 수 있다는 생각으로 마을기업을 설립했어요.재배가 쉬운 콩으로 시작해서, 다양한 콩 기반 가공품을 생산하고 있으며 생산 후 모든 기계를 청소하는 등의 안전한 식품을 만들기 위해 많은 노력을 기울이고 있답니다.홍진이 콩 국물은 국산 콩과 정제수만 사용하여 온전히 갈아 담아 담백함이 일품인 순수 콩 국물이에요.특허 기술로 분쇄한 콩은 영양 또한 그대로 품고 있으며, 풋내 없이 진하고 고소하여 무더위에 지친 입맛을 되살려 준답니다. 
                            	
                                
                                    From. 밥상주치의 그리팅


",320ml,206kcal
[명인명촌]이득자 약선 누룽지,0%,"6,000",0,"어려서부터 자연 재료를 자연스럽게 음식에 활용하셨던 이득자 님은 우리 땅에서 바르게 자란 먹거리에 다양한 조리법으로 음식의 유익함을 담아낸다는 마음을 이어가고 있어요.재료 하나에도 빚은 이의 양심이 담기기를 바란다는 마음으로 이득자 님께서 직접 길러 낸 석창포를 우려낸 물로 유기농 쌀과 함께 밥을 지어 일일이 손으로 눌러 만든 수제 누룽지랍니다.바삭한 식감과 고소한 맛을 즐기실 수 있어요. 
                            	
                                
                                    From. 밥상주치의 그리팅


",100g,370kcal
[명인명촌]이득자 약선식혜,0%,"8,000",0,"어려서부터 좋은 재료를 자연스럽게 음식에 활용하셨던 이득자 님은 우리 땅에서 바르게 자란 먹거리에 다양한 조리법으로 음식의 유익함을 담아낸다는 마음을 이어나가고 있어요.우슬, 두충, 감초 등 화순 인근 지역에서 얻은 재료를 사용해 전통방식으로 만든 식혜랍니다. 땅의 기운을 받아 바르게 자란 먹거리로 건강한 단 맛을 이끌어낸 약선 식혜를 즐겨보세요! 
                            	
                                
                                    From. 밥상주치의 그리팅


",1L,920kcal
[명인명촌] 윤원상 참기름,0%,"60,000",0,"윤원상 님은 언론인으로 살아온 지난 세월을 뒤로하고 고향에서 아들과 함께 깨끗한 기름을 만드는 일을 시작했어요.새롭게 걷는 귀농의 길 속 청아한 빛과 고소한 기름은 문사의 정직한 자존심과도 같답니다.윤원상 님의 참기름은 참깨를 깨끗하게 세척 후 저온에서 볶은 후 착유해요. 자연침전을 원칙으로 3단계의 정제 과정을 거쳐 기름 색이 맑고 깨끗하답니다. 
                            	
                                
                                    From. 밥상주치의 그리팅


",200ml,1798kcal
[명인명촌]윤원상 들기름,0%,"36,000",0,"윤원상 님은 언론인으로 살아온 지난 세월을 뒤로하고 고향에서 아들과 함께 깨끗한 기름을 만드는 일을 시작했어요.새롭게 걷는 귀농의 길 속 청아한 빛과 고소한 기름은 문사의 정직한 자존심과도 같답니다.윤원상 님의 들기름은 들깨를 깨끗하게 세척 후 저온에서 볶은 후 착유해요. 자연 침전을 원칙으로 3단계의 정제 과정을 거쳐 기름 색이 맑고 깨끗하답니다. 
                            	
                                
                                    From. 밥상주치의 그리팅


",200ml,1798kcal
[명인명촌]강희탁 수연소면(우리밀),0%,"6,400",0,"여러 제면법 중 면을 늘려 건조하여 만드는 수연 소면은 중국에서 유래되어 신라 때 한반도에 전해지고 다시 일본으로 전파되었어요.강희탁 님의 상상할 수 없는 시간과 노력으로 국내에 맥이 끊긴 수연 소면을 살려냈어요.  이른 새벽 반죽에 들어가, 8차례에 걸친 제면 작업과 발효 숙성 공정에 이어 28시간의 건조 과정을 거친답니다.강희탁 수연 소면은 탄력 있는 면발과 밀가루 잡냄새가 없는 향, 술술 넘어가는 부드러운 촉감을 자랑해요. 
                            	
                                
                                    From. 밥상주치의 그리팅


",200g,674kcal
[명인명촌]강희탁 수연소면(단호박),0%,"6,600",0,"여러 제면법 중 면을 늘려 건조하여 만드는 수연 소면은 중국에서 유래되어 신라 때 한반도에 전해지고 다시 일본으로 전파되었어요.강희탁 님의 상상할 수 없는 시간과 노력으로 국내에 맥이 끊긴 수연 소면을 살려냈어요.  이른 새벽 반죽에 들어가, 8차례에 걸친 제면 작업과 발효 숙성 공정에 이어 28시간의 건조 과정을 거친답니다.강희탁 수연 소면은 탄력 있는 면발과 밀가루 잡냄새가 없는 향, 술술 넘어가는 부드러운 촉감을 자랑해요. 
                            	
                                
                                    From. 밥상주치의 그리팅


",200g,674kcal
[명인명촌]유영군 구운 유과,0%,"11,000",0,"유영군 님은 3대에 걸쳐 전통식품 한과의 비법을 이어오고 있어요.한과는 단순한 음식이 아니라 민족의 혼과 문화가 담긴 음식이라는 생각을 가지고 하나를 만들더라도 자부심을 담아 만들고 있답니다.유영군 구운 유과는 쌀 조청으로 단맛을 내어 담백하면서도 정갈한 맛을 자랑해요.바삭하게 씹히다가도 사르르 녹아내리는 식감은 먹는 재미를 더하며, 몸에 좋은 영양까지 챙겼답니다. 
                            	
                                
                                    From. 밥상주치의 그리팅


",150g,537kcal
치킨 클럽 샌드위치,0%,"5,700",0,"담백한 블랙페퍼 닭가슴살과 햄, 신선한 채소가 가득한 치킨 클럽 샌드위치를 소개해요. 고소한 곡물 식빵에 다채로운 토핑을 듬뿍 넣어 아삭아삭 씹는 식감이 매력적인 샌드위치랍니다. 쓰리라차마요소스의 매콤함과 피클의 새콤달콤함이 조화롭게 어우러져, 느끼하지 않고 든든하게 즐길 수 있을 거예요. 
                            	
                                
                                    From. 밥상주치의 그리팅


",229g,475kcal
[그리팅 X h'541]제주고사리 오일파스타 소스 (2인분),0%,"7,500",0,"그동안 나물로만 먹었던 고사리는 잊어주세요! 그리팅 채식 브랜드 베지라이프와 판교 현대백화점의 이탈리안 레스토랑 h'541 셰프들이 공동 개발한 제주 고사리 오일 파스타 소스를 소개합니다.제주 고사리 오일 파스타 소스에는 양식 전문 셰프의 비법 레시피의 오일 베이스 소스와 제주산 고사리가 들어갔어요. 고사리 특유의 향과 이색적이고 고급스러운 감칠맛이 일품이에요. 파스타면, 리소토, 바게트 빵, 우동 면 등 다양하게 활용 가능한 만능 소스를 각자의 취향에 맞게 다양하게 즐겨 보세요. 
                            	
                                
                                    From. 밥상주치의 그리팅


",270g (135g X 2ea),556kcal
녹두크림리소토,0%,"10,500",0,"연둣빛 색깔을 머금은 부드러운 녹두 크림 리조토를 준비했어요. 특제 크림소스는 두유와 녹두를 갈아 만들어 꾸덕하고 고소한 게 특징이에요. 톡톡 터지는 국산 찰보리를 넣어 다채로운 식감을 더했습니다. 오븐에 구운 피스타치오와 양파 후레이크 토핑으로 마무리하면, 근사한 녹두 크림 리조토가 완성돼요. 
                            	
                                
                                    From. 밥상주치의 그리팅


",575g,800kcal
[I like Eat] 블랙BELT샌드위치,0%,"5,400",0,"샌드위치 계의 스테디셀러, 든든한 토핑이 매력적인 BELT 샌드위치입니다. 오징어먹물을 넣어 만든 부드러운 번에 오븐에 구운 베이컨과 계란 프라이, 아삭한 양상추, 상큼한 토마토까지 다양한 재료가 조화롭게 어우러져 한 끼 식사로 손색 없어요. 
                            	
                                
                                    From. 밥상주치의 그리팅


",174g,345kcal
한돈 잡채 덮밥소스,10%,"4,500","5,000","한 끼 식사로 간편하게 데워 먹기 좋은 잡채 덮밥 소스를 소개해요. 탱글한 당면은 물론이고, 국산 돼지고기와 신선한 채소를 사용해 믿음을 더했어요. 이제 재료 하나하나 손질하고 조리하는 번거로움 없이, 간편하게 데워 밥 위에 얹어주면 맛과 비주얼 모두 완벽한 잡채 덮밥이 완성돼요.

                                    From. 밥상주치의 그리팅


",180g,220kcal
한돈 소보로 덮밥소스,10%,"4,950","5,500","고슬고슬하게 볶은 한돈과 부드러운 스크램블 에그가 조화롭게 어우러진 소보로덮밥 소스입니다. 직접 만든 굴소스로 달짝지근한 감칠맛을 내고, 고메 버터로 고소한 풍미까지 더했어요. 좋은 재료를 아낌없이 넣은 소보로 덮밥으로 건강하고 맛있는 집밥을 차려보세요. 
                            	
                                
                                    From. 밥상주치의 그리팅


",160g,205kcal
한우미역 덮밥소스,10%,"4,500","5,000","국산 미역의 부드러움과 신선한 한우를 한 입에 즐길 수 있는 덮밥 소스를 준비했어요. 간편하게 데운 뒤 고슬고슬한 쌀밥에 슥슥 비벼 한입 먹으면, 잘 불려진 미역이 매끄럽게 혀를 감싸며 남기는 감칠맛을 느낄 수 있을 거예요. 한우 미역 덮밥 한 스푼에 김치 한 조각 얹으면 이보다 환상적일 수 있을까요. 
                            	
                                
                                    From. 밥상주치의 그리팅


",180g,65kcal
새우새송이 덮밥소스,10%,"4,950","5,500","탱글한 새우와 쫄깃한 새송이버섯을 넣어 영양을 골고루 채운 덮밥 소스입니다. 진한 닭 육수를 베이스로 해 감칠맛이 뛰어나고, 직접 만든 굴소스와 국산 콩간장으로 건강까지 챙겼어요. 굴소스 하나까지도 직접 만들어 사용하니 우리 아이에게도 안심하고 먹일 수 있답니다. 
                            	
                                
                                    From. 밥상주치의 그리팅


",180g,110kcal
홍게살 덮밥소스,10%,"4,950","5,500","국내산 홍게다리살과 팽이버섯, 대파를 듬뿍 넣은 담백한 덮밥 소스입니다. 닭 육수와 홍게살로 깊은 맛을 내고, 재료가 부드러워질 때까지 푹 조리해 술술 넘어가는 식감이 일품이에요. 밥에 쓱 비벼 주면 편식하는 아이들도 맛있게 한 그릇을 비운답니다. 
                            	
                                
                                    From. 밥상주치의 그리팅


",180g,80kcal
[I like Eat] 호밀 햄치즈 샌드위치,0%,"4,900",0,"고소한 호밀빵에 신선한 채소와 햄, 치즈를 넣은 심플하지만 알찬 구성의 샌드위치입니다. 호밀빵에 잘 어울리는 수제 소스를 듬뿍 샌딩해 풍성한 맛을 더했어요. 영양까지 골고루 담아 마음까지 든든한 햄치즈 샌드위치로 건강하고 간편한 한 끼를 즐겨보세요. 
                            	
                                
                                    From. 밥상주치의 그리팅


",168g,380kcal
지라시 포케 샐러드,0%,"5,800",0,"두부와 버섯, 채소를 활용해 포케 스타일로 완성한 샐러드입니다. 렌틸콩과 함께 스크램블한 두부와 달큰한 연근조림, 쫄깃한 표고버섯구이를 토핑으로 준비했어요. 여기에 포만감을 더해줄 곡물을 곁들여 보세요. 포케에 잘 어울리는 유자 간장 드레싱과 김가루를 섞어 드시면 더욱 맛있어요. 
                            	
                                
                                    From. 밥상주치의 그리팅


",158g,135kcal
[볼비] 그릭요거트 클래식(100g),20%,"2,800","3,500","무가당 원액 두유를 발효한 비건 요거트, 볼비그릭 클래식을 소개해요.단백질과 식이섬유가 풍부하여 포만감을 주고, 포화지방이 적게 함유되어 영양을 균형 있게 섭취할 수 있어요.순 식물성 요거트로 평소 우유 요거트 섭취가 어려운 분들도 걱정 없이 드실 수 있답니다.고소하고 꾸덕한 두유 그릭요거트의 매력을 느끼고 싶으신 분들에게 추천드려요. 
                            	
                                
                                    From. 밥상주치의 그리팅


",100g,109kcal
[슈가로로]무설탕 비타민 구미 포도맛,0%,"2,000",0,"무설탕 저칼로리 디저트 브랜드 슈가로로의 슈가로로 무설탕 비타민 구미 복숭아는 비타민C와 식이섬유가 함유되어 새콤달콤하게 비타민을 섭취할 수 있는 구미 젤리에요.설탕 대신 대체 감미료를 사용하여 당 섭취와 칼로리가 걱정되시는 분들도 걱정 없이 즐길 수 있답니다.과일 농축액을 함유하고 있어 과일 맛을 진하게 즐길 수 있으며 성인 기준 비타민C 하루 권장량의 5배인 500mg와 식이섬유 1.5g을 함유하고 있어 맛과 건강을 채울 수 있어요.지퍼백 포장으로 한 번에 다 먹지 않아도 편리하게 보관 가능하여 언제 어디서든 휴대하며 편리하게 즐겨보세요. 
                            	
                                
                                    From. 밥상주치의 그리팅


",45g,88kcal
[슈가로로]무설탕 비타민 구미 복숭아맛,0%,"2,000",0,"무설탕 저칼로리 디저트 브랜드 슈가로로의 슈가로로 무설탕 비타민 구미 복숭아는 비타민C와 식이섬유가 함유되어 새콤달콤하게 비타민을 섭취할 수 있는 구미 젤리에요.설탕 대신 대체 감미료를 사용하여 당 섭취와 칼로리가 걱정되시는 분들도 걱정 없이 즐길 수 있답니다.과일 농축액을 함유하고 있어 과일 맛을 진하게 즐길 수 있으며 성인 기준 비타민C 하루 권장량의 5배인 500mg와 식이섬유 1.5g을 함유하고 있어 맛과 건강을 채울 수 있어요.지퍼백 포장으로 한 번에 다 먹지 않아도 편리하게 보관 가능하여 언제 어디서든 휴대하며 편리하게 즐겨보세요. 
                            	
                                
                                    From. 밥상주치의 그리팅


",45g,88kcal
[Fuel 10K]그래놀라 컵 2종,0%,"3,700",0,"영국 Amazon 베스트셀러 1위 비건 그래놀라 브랜드 Fuel 10K를 소개해요.Fuel 10K는 당신의 성공을 위한 절대시간인 1만시간(10K) 달성을 돕기 위해 탄생한 영국 프리미엄 간편식 브랜드에요. Fuel 10K만의 레시피로 오븐에 구운 그래놀라는 담백하고 고소함 그 자체입니다. 누구도 바쁜 당신에게 이만큼 간편하고, 맛있고, 영양가있는 식사를 제공하기 어렵죠. 청키초콜릿(초콜릿, 호박씨), 피넛 크런치(점보 귀리, 볶은 땅콩)등 취향에 맞는 다양한 맛을 즐겨보세요. 1분도 소중한 당신의 하루를 위해 Fuel 10K로 간편하게 단백질 충전을 해보세요. 
                            	
                                
                                    From. 밥상주치의 그리팅


",70g,285kcal
[너의요구] 유기농 무가당 그릭요거트(300g),0%,"9,500",0,"그릭요거트가 퍽퍽해서 먹기 부담스러우셨다면, 발효시간과 유청 농도를 조절하여 목메이지 않는 부드러운 식감이 매력적인 [너의요구] 유기농 그릭요거트를 드셔보세요. 국내 친환경 목장에서 생산된 유기농 우유로 만들어 맛, 식감은 물론 신선하고 건강함까지 선물해 줄 거예요. HACCP인증 시설에서 개별 포장을 하기 때문에 믿고 드셔도 좋습니다. 그릭요거트 자체로 드셔도 좋고, 견과류, 잼 등을 곁들여 드셔도 좋아요. 
                            	
                                
                                    From. 밥상주치의 그리팅


",300g,315kcal
[원더풀] 피스타치오1+1(무염),0%,"28,000",0,"옅은 갈색의 껍질을 갈라 먹는 재미가 있는 담백하고 고소한 피스타치오를 소개해요. 짙은 초록빛의 알맹이는 고소하면서도 은은한 달큼함과 풋풋한 향을 지니고 있어요. 단단하면서 쫀득한 식감도 빼놓을 수 없답니다. 무염으로 매일 간식으로 즐겨도 부담이 없으실 거예요. 
                            	
                                
                                    From. 밥상주치의 그리팅


",600g,1910kcal
[허벌랜드] 키즈 구미 3종,0%,"25,900",0,"[허벌랜드] 키즈 구미 3종을 소개해요. 캐나다 브리티시 콜롬비아주에 소재한 허벌랜드는 프리미엄 품질의 구미 건강기능식품 브랜드에요.'키즈 칼슘&비타민 D3 구미'는 성장기 어린이 뼈 건강을 위한 칼슘&비타민 D3가 함유되어 있어요. 귀여운 곰 모양으로 딸기맛과 감귤맛이 들어있답니다. '키즈 멀티비타민&미네랄 구미'는 성장기 어린이에게 필요한 비타민과 미네랄을 섭취할 수 있게 도움을 주고, 귀여운 곰 모양에 딸기맛, 감귤맛으로 구성되어 있어요. '키즈 오메가3 구미'는 귀여운 물고기 모양에 딸기맛과 오렌지맛으로 구성되어 있고, 오메가3가 함유되어 있어도 비리지 않답니다. 귀여운 모양의 구미로 맛있게 간편하게 즐겨보세요!*'키즈 오메가3 구미' 제품은 건강기능식품이 아닌 일반식품입니다. 
                            	
                                
                                    From. 밥상주치의 그리팅


",132g,360kcal
[오트리] 고메넛츠 블랙에디션 25g*10봉 ,0%,"26,300",0,"

                                    From. 밥상주치의 그리팅


",25g,170kcal
고구마&흑미찰빙라이스,0%,"3,900",0,"동남아시아를 여행할 때 만나볼 수 있는 망고 스티키 라이스에서 영감을 받아 그리팅에서 시원한 여름용 디저트를 만들었어요.  쌀로 만든 젤라또 식감의 한식 디저트, 찰빙 라이스를 소개해요. 고소한 흑미가루와 알싸한 계피가루의 조화를 느낄 수 있는 찰빙 라이스랍니다. 여기에 쫀득한 식감의 고구마 큐빅 토핑으로 달콤함을 더했어요. 여름 간식으로 온 가족이 함께 즐기기 좋으니, 냉동실에 두었다 하나씩 꺼내 즐겨 보세요. 
                            	
                                
                                    From. 밥상주치의 그리팅


",150g,240kcal
망고&코코넛찰빙라이스,0%,"3,900",0,"동남아시아를 여행할 때 만나볼 수 있는 망고 스티키 라이스에서 영감을 받아 그리팅에서 시원한 여름용 디저트를 만들었어요.  쌀로 만든 젤라또 식감의 한식 디저트, 찰빙 라이스를 소개해요. 코코넛 밀크를 넣어 부드러운 단맛을 즐길 수 있을 뿐만 아니라 망고 토핑으로 쫀득한 식감과 달콤함을 가미했어요. 마지막 한 숟가락까지 맛있는 찰빙 라이스와 함께 무더위를 날려보세요. 
                            	
                                
                                    From. 밥상주치의 그리팅


",150g,165kcal
팥&녹차찰빙라이스,0%,"3,900",0,"동남아시아를 여행할 때 만나볼 수 있는 망고 스티키 라이스에서 영감을 받아 그리팅에서 시원한 여름용 디저트를 만들었어요.  쌀로 만든 젤라또 식감의 한식 디저트, 찰빙 라이스를 소개해요. 녹차가루의 쌉싸름한 향과 풍미를 오롯이 담은 찰빙 라이스에요. 여기에 부드러운 팥 토핑을 얹어 달콤함을 한층 살렸답니다. 더워지는 날씨로 입맛 없을 때 시원하게 즐겨 먹기 좋으니 지금 만나 보세요. 
                            	
                                
                                    From. 밥상주치의 그리팅


",151g,165kcal
[수가] 디카페인 콜드브루 커피 베이스 440ml,0%,"10,000",0,"장시간 저온으로 추출한 커피 추출액에 열을 가하지 않고 초고압 처리를 거친 [수가] 디카페인 콜드브루 커피 베이스를 소개해요. 콜롬비아산 원두의 부드럽고 묵직한 바디감을 느낄 수 있는 커피예요. 생두의 선별부터 로스팅, 보틀링까지 HACCP 인증을 받은 원스톱 공정으로 진행되어 믿고 마실 수 있답니다. 
                            	
                                
                                    From. 밥상주치의 그리팅


",440ml,57kcal
[서정쿠킹] 전통음료 2종,0%,"4,400",0,"서정옥의 느린부엌은 신선하고 좋은 재료를 엄선하여 음식을 만들고, 여러 차례의 맛 테스트와 영양검사를 거쳐 제품을 만들어요. 느린식혜와 느린수정과는 5시간을 끓여 만든답니다. 단맛이 적당하여 부담없는 식혜, 수정과를 즐겨보세요. 
                            	
                                
                                    From. 밥상주치의 그리팅


",1000ml,575kcal
[바바리아] 무알콜 음료 3종,0%,"1,400",0,"밀, 보리 등 맥주의 원료를 그대로 사용하지만 알코올을 생성하는 이스트 세포의 기능을 억제해 0%의 알코올 농도를 자랑하는 '바바리아 무알코올 음료 3종'을 소개해요.은은한 과일향과 곡물향이 매력적인 '바바리아 무알콜 오리지널', 애플의 상큼한 맛이 절묘하게 어우러지는 '바바리아 무알콜 애플', 상큼한 라임과 강렬한 진저가 조화로운 '바바리아 무알콜 진저라임'까지.피크닉 갈 때 간편하게 들고 가셔도 좋고, 냉장고에 넣어놨다가 시원하게 드시면 더욱 좋습니다. 
                            	
                                
                                    From. 밥상주치의 그리팅


",330ml,100kcal
[아이엠얼라이브] 유기농 콤부차 4가지 맛 315ml ,20%,"3,040","3,800","

                                    From. 밥상주치의 그리팅


",315ml,69kcal
[풀무원]아임리얼 순수착즙 오렌지,15%,"3,140","3,700","물 없이 만든 100% 생착즙 주스 아임리얼 순수착즙 오렌지를 소개해요.설탕과 농축액, 정제수, 합성향료 일체 없이 오직 자연의 단맛으로만 만든 리얼 주스에요. 키위, 케일 등의 과일과 채소를 통으로 갈고 착즙해 과채 100% 주스의 진한 맛을 제대로 즐길 수 있어요.단 1초도 가열하지 않은 비가열주스로 생과일의 영양도 그대로 간직했답니다. 바쁜 하루, 한 잔의 주스로 간편하게 영양을 채워보세요. 
                            	
                                
                                    From. 밥상주치의 그리팅


",190ml,85kcal
[풀무원]아임리얼 토마토,15%,"3,140","3,700","풀무원이 만든 과채 한 잔 아임리얼 토마토를 소개해요.물 한 방울 넣지 않고 생 토마토를 갈아 만들어 신선한 맛이 살아있어요. 설탕 없이 과채 그대로를 담은 아임리얼 토마토는 단 1초도 가열하지 않아 생과채의 영양 손실을 최소화했답니다.하루 한 잔, 생과채를 담은 상큼한 주스로 활기찬 하루를 만들어보세요. 
                            	
                                
                                    From. 밥상주치의 그리팅


",190ml,70kcal
[풀무원]아임리얼 수박주스,15%,"3,140","3,700","물 없이 만든 100% 생착즙 주스 아임리얼 수박주스를 소개해요.설탕과 농축액, 정제수, 합성향료 일체 없이 오직 자연의 단맛으로만 만든 리얼 수박 주스랍니다. 수박을 통으로 갈아 과일 100% 주스의 진한 맛을 제대로 즐길 수 있어요.단 1초도 가열하지 않은 비가열주스로 생과일의 영양도 그대로 간직했답니다.시원한 수박 주스 한 잔으로 여름의 맛을 만끽해보세요. 
                            	
                                
                                    From. 밥상주치의 그리팅


",190ml,80kcal
[풀무원]아임리얼 스트로베리,15%,"3,140","3,700","물 없이 만든 100% 생착즙 주스 아임리얼 스트로베리를 소개해요.설탕과 농축액, 정제수, 합성향료 일체 없이 오직 자연의 단맛으로만 만든 아임리얼 스트로베리랍니다.생 딸기를 통으로 갈아 과일 100% 주스의 진한 맛을 제대로 즐길 수 있어요. 단 1초도 가열하지 않은 비가열주스로 생과일의 영양도 그대로 간직했답니다. 바쁜 하루, 한 잔의 주스로 간편하게 영양을 채워보세요. 
                            	
                                
                                    From. 밥상주치의 그리팅


",190ml,105kcal
[누디나팅벗] 사과주스,10%,"2,250","2,500","호주의 신선함을 지킨 누디 나팅벗의 사과주스를 소개해요.사과 재배 후 72시간 내 신선하게 착즙했어요. 호주의 작은 상점에서 시작하여 이제는 호주에서 전 국민이 사랑하는 주스로 성장했답니다.작은 사이즈로 아이들이 손에 쥐고 마시기 편리해요. 사과 2개를 넣은 누디나팅벗의 사과주스를 즐겨보세요. 
                            	
                                
                                    From. 밥상주치의 그리팅


",200ml,97kcal
[누디나팅벗] 오렌지주스,10%,"2,250","2,500","호주의 신선함을 지킨 누디 나팅벗의 오렌지 주스를 소개해요.오렌지 재배 후 72시간 내 신선하게 착즙했어요. 호주의 작은 상점에서 시작하여 이제는 호주에서 전 국민이 사랑하는 주스로 성장했답니다.작은 사이즈로 아이들이 손에 쥐고 마시기 편리해요. 오렌지 2개를 넣은 누디나팅벗의 오렌지 주스를 즐겨보세요. 
                            	
                                
                                    From. 밥상주치의 그리팅


",200ml,73kcal
[그리팅] PGA칼슘업 약콩두유,0%,"18,000",0,"

                                    From. 밥상주치의 그리팅


",190ml*16,1040kcal
[토스트] 무알콜 스파클링 와인,0%,"15,000",0,"크리스마스, 연말 파티하면 빼놓을 수 없는 와인. 술을 마시지 못하는 분들도 함께 즐기실 수 있는 무알콜 스파클링 와인을 그리팅에서 소개해요. 부드러운 탄산감으로 목 넘김이 좋고, 상큼한 맛과 드라이함이 돋보여요. 매끄러운 바디라인과 심플한 디자인은 알콜이 든 와인 못지않게 격식 있는 분위기를 연출해 줄 거예요. 음식을 먹기 전 입맛을 돋우는 식전 주나 웰컴 드링크로도 좋고, 런치 파티 등 알콜음료를 마시기 어려울 활용하셔도 좋습니다.*병 속의 미세한 갈색 침전물은 백차(white tea) 성분입니다. 품질에 이상이 없으니 안심하셔도 됩니다. 
                            	
                                
                                    From. 밥상주치의 그리팅


",750ml,137kcal
[옐로욜로] 카카오칩,0%,"3,000",0,"코코넛 과육, 플라워 슈가, 카카오닙스 분말로 만들어진 옐로욜로 카카오칩을 소개해요. 코코넛 열매가 열리기 전 활짝 핀 코코넛 꽃봉오리에서 흘러나오는 액기스를 가열을 통해 수분만 제거한 코코넛 슈가를 사용했어요. 오븐에 구워 바삭한 식감이 매력적이랍니다.  
                            	
                                
                                    From. 밥상주치의 그리팅


",25g,96kcal
[보닐라] 저염 감자칩,0%,"22,000",0,"1932년부터 89년간 오랜 전통을 자랑하며 3대를 이어오고 있는 [보닐라] 저염 감자칩을 소개해요. 보닐라 저염 감자칩은 신선한 올리브오일로 완성된 감자 그대로의 담백한 스낵이예요. 바삭바삭한 식감에 저염으로 부담 없이 즐기실 수 있답니다. 
                            	
                                
                                    From. 밥상주치의 그리팅


",275g,1458kcal
[졸리팝] 막대사탕 125g,0%,"9,500",0,"

                                    From. 밥상주치의 그리팅


",125g,500kcal
[코스모스]오크라 미소시루,0%,"1,600",0,"바쁜 일상의 수고로움을 덜어줄 코스모스의 오크라 미소시루를 소개해요.된장과 원물을 따로 동결건조하여 된장의 짠맛이 원물에 스며들지 않아 원재료 그대로의 식감과 맛을 보존했어요.평소에 챙겨 먹기 힘든 오크라, 참마 등을 넣어 끈적한 식감을 구현하고 콩에 쌀을 섞어 만든 3가지 종류의 '쌀 된장'을 배합하여 은은한 단맛이 일품이랍니다.뜨거운 물에 미소시루 블록만 넣으면 완성되는 간편하고 따뜻한 국 한 그릇을 준비해 보세요. 
                            	
                                
                                    From. 밥상주치의 그리팅


",10.4g,35kcal
[코스모스]구운김 수프,0%,"2,300",0,"바쁜 일상의 수고로움을 덜어줄 코스모스의 구운김 수프를 소개해요.구운 김의 풍미와 참기름을 넣어 고소한 맛이 특징이에요.뜨거운 물에 수프 블럭만 넣으시면 번거롭게 국물을 내고 재료를 따로 준비할 필요 없이 편리하게 따뜻한 수프 한 그릇을 준비해 보세요. 
                            	
                                
                                    From. 밥상주치의 그리팅


",8.3g,30kcal
[코스모스]미네스트론 수프,0%,"2,100",0,"바쁜 일상의 수고로움을 덜어줄 코스모스의 미네스트론 수프를 소개해요.이탈리아식 토마토베이스 수프의 미네스트론을 치즈와 고추장을 섞어 만든 퓨전스타일로 재해석한 수프에요.뜨거운 물에 수프 블럭만 넣으시면 번거롭게 국물을 내고 재료를 따로 준비할 필요 없이 편리하게 따뜻한 수프 한 그릇을 준비해 보세요. 
                            	
                                
                                    From. 밥상주치의 그리팅


",13.2g,54kcal
[코스모스]케일 수프,0%,"2,100",0,"바쁜 일상의 수고로움을 덜어줄 코스모스의 케일 수프를 소개해요.볶은 양배추와 케일의 쓴맛을 더 한 독특한 풍미가 특징이에요.뜨거운 물에 수프 블럭만 넣으시면 번거롭게 국물을 내고 재료를 따로 준비할 필요 없이 편리하게 따뜻한 수프 한 그릇을 준비해 보세요. 
                            	
                                
                                    From. 밥상주치의 그리팅


",10g,39kcal
[코스모스]미역 수프,0%,"1,800",0,"바쁜 일상의 수고로움을 덜어줄 코스모스의 미역 수프를 소개해요.쫄깃한 미역과 참깨를 넣어 고소한 맛이 특징이에요.뜨거운 물에 수프 블럭만 넣으시면 번거롭게 국물을 내고 재료를 따로 준비할 필요 없이 편리하게 따뜻한 수프 한 그릇을 준비해 보세요. 
                            	
                                
                                    From. 밥상주치의 그리팅


",6.4g,21kcal
[코스모스]양파 수프,0%,"1,800",0,"바쁜 일상의 수고로움을 덜어줄 코스모스의 양파 수프를 소개해요.신선한 양파만 선별하여 양파의 향이 올라올때까지 천천히 볶아 양파 특유의 감칠맛을 극대화했어요.뜨거운 물에 수프 블럭만 넣으시면 번거롭게 국물을 내고 재료를 따로 준비할 필요 없이 편리하게 따뜻한 수프 한 그릇을 준비해 보세요. 
                            	
                                
                                    From. 밥상주치의 그리팅


",9.4g,37kcal
[코스모스]구운가지 미소시루,0%,"1,700",0,"바쁜 일상의 수고로움을 덜어줄 코스모스의 구운가지 미소시루를 소개해요.된장과 원물을 따로 동결건조하여 된장의 짠맛이 원물에 스며들지 않아 원재료 그대로의 식감과 맛을 보존했어요.손수 손으로 숯불에 구운 가지와 '콩 된장'에 콩에 쌀을 섞어 만든 '쌀 된장'을 독자적으로 배합하여 깊은 국물 맛을 만들어 냈어요.뜨거운 물에 미소시루 블록만 넣으면 완성되는 간편하고 따뜻한 국 한 그릇을 준비해 보세요. 
                            	
                                
                                    From. 밥상주치의 그리팅


",8.7g,30kcal
[코스모스]녹황채소 미소시루,0%,"1,800",0,"바쁜 일상의 수고로움을 덜어줄 코스모스의 녹황채소 미소시루를 소개해요.된장과 원물을 따로 동결건조하여 된장의 짠맛이 원물에 스며들지 않아 원재료 그대로의 식감과 맛을 보존했어요.양배추, 시금치, 호박등 초록과 노란색의 야채를 넣고 콩에 쌀을 섞어 만든 3가지 종류의 '쌀 된장'을 배합하여 은은한 단맛이 일품이랍니다.뜨거운 물에 미소시루 블록만 넣으면 완성되는 간편하고 따뜻한 국 한 그릇을 준비해 보세요. 
                            	
                                
                                    From. 밥상주치의 그리팅


",11.2g,50kcal
[코스모스]파래 미소시루,0%,"1,600",0,"바쁜 일상의 수고로움을 덜어줄 코스모스의 파래 미소시루를 소개해요.된장과 원물을 따로 동결건조하여 된장의 짠맛이 원물에 스며들지 않아 원재료 그대로의 식감과 맛을 보존했어요.꼬득한 식감이 살아있는 해초와 한입에 먹기 좋게 잘린 유부, 그리고 2개의 '콩 된장', 콩에 쌀을 섞어 만든 5개의 '쌀 된장'. 콩에 보리를 섞어 만든 '보리된장'을 독자적으로 배합하여 깊은 국물 맛을 만들었어요.뜨거운 물에 미소시루 블록만 넣으면 완성되는 간편하고 따뜻한 국 한 그릇을 준비해 보세요. 
                            	
                                
                                    From. 밥상주치의 그리팅


",6.8g,25kcal
[코스모스]가지튀김 미소시루,0%,"1,600",0,"바쁜 일상의 수고로움을 덜어줄 코스모스의 가지튀김 미소시루를 소개해요.된장과 원물을 따로 동결건조하여 된장의 짠맛이 원물에 스며들지 않아 원재료 그대로의 식감과 맛을 보존했어요.육즙을 살리는 최적의 온도와 시간으로 튀긴 가지와 먹기 좋게 잘린 유부를 넣고 콩에 쌀을 섞어 만든 3가지 종류의 '쌀 된장'을 배합하여 은은한 단맛이 일품이랍니다.뜨거운 물에 미소시루 블록만 넣으면 완성되는 간편하고 따뜻한 국 한 그릇을 준비해 보세요. 
                            	
                                
                                    From. 밥상주치의 그리팅


",11.3g,50kcal
[코스모스]시금치 미소시루,0%,"1,500",0,"바쁜 일상의 수고로움을 덜어줄 코스모스의 시금치 미소시루를 소개해요.된장과 원물을 따로 동결건조하여 된장의 짠맛이 원물에 스며들지 않아 원재료 그대로의 식감과 맛을 보존했어요.식감이 좋은 시금치와 먹기 좋게 잘린 유부를 넣고 2개의 '콩 된장', 콩에 쌀을 섞어 만든 5개의 '쌀 된장'. 콩에 보리를 섞어 만든 '보리된장'을 독자적으로 배합하여 깊은 국물 맛을 만들었답니다.뜨거운 물에 미소시루 블록만 넣으면 완성되는 간편하고 따뜻한 국 한 그릇을 준비해 보세요. 
                            	
                                
                                    From. 밥상주치의 그리팅


",7.8g,25kcal
[코스모스]미역 미소시루,0%,"1,500",0,"바쁜 일상의 수고로움을 덜어줄 코스모스의 미역 미소시루를 소개해요.된장과 원물을 따로 동결건조하여 된장의 짠맛이 원물에 스며들지 않아 원재료 그대로의 식감과 맛을 보존했어요.쫄깃한 식감이 살아있는 미역과 콩에 쌀을 섞어 만든 '쌀 된장'을 사용한 된장의 은은한 단맛이 일품이에요.뜨거운 물에 미소시루 블록만 넣으면 완성되는 간편하고 따뜻한 국 한 그릇을 준비해 보세요. 
                            	
                                
                                    From. 밥상주치의 그리팅


",8.4g,30kcal
[코스모스]버섯 미소시루,0%,"1,800",0,"바쁜 일상의 수고로움을 덜어줄 코스모스의 버섯 미소시루를 소개해요.4가지 각기 다른 버섯을 넣어 쫄깃한 식감과 구수한 향을 더하고 된장과 원물을 따로 동결건조하여 된장의 짠맛이 원물에 스며들지 않아 원재료 그대로의 식감과 맛을 보존했어요.특히 된장은 콩에 쌀을 섞어 만든 '쌀 된장'을 사용하여 은은한 단맛이 일품이랍니다.뜨거운 물에 미소시루 블록만 넣으면 완성되는 간편하고 따뜻한 국 한 그릇을 준비해 보세요. 
                            	
                                
                                    From. 밥상주치의 그리팅


",9.2g,35kcal
[풀무원] 식물성 지구식단 LIKE 텐더,0%,"7,980",0,"고단백 결두부로 만들어 결이 살아있는 식물성 지구식단 LIKE 텐더를 소개해요.식물성 재료인 고단백 결두부에 바삭한 튀김 옷을 입혀 바삭하면서도 쫄깃한 식감인 두부 텐더에요. 단백질 함량이 더 높은 고단백 결두부를 사용했어요.식물성 단백질을 사용하고 100g 당 콜레스테롤, 트랜스지방 함량이 0%로 안심하고 식물성 지구식단 LIKE 텐더를 즐겨보세요. 
                            	
                                
                                    From. 밥상주치의 그리팅


",400g,1080kcal
[풀무원] 식물성 지구식단 LIKE 런천미트,0%,"4,680",0,"식물성 단백질을 주원료로 만든 100% 식물성 제품인 식물성 지구식단 LIKE 런천미트를 소개해요.조직 대두 단백 기반의 식물성단백질과 식이섬유가 함유되어 콜레스테롤 걱정 없이 건강하게 즐길 수 있어요.식물성으로 구현한 고기 입자로 캔햄과 매우 흡사한 외관과 식감을 구현했답니다. 캔햄의 감칠맛과 부드러운 식감이 특징이며 조리 시 부서짐이 적어 다양한 메뉴에 활용할 수 있어요.모두가 좋아하는 익숙한 그 맛이기에 기존 런천미트를 대체해는 모든 요리에 사용해 즐겨보세요. 
                            	
                                
                                    From. 밥상주치의 그리팅


",190g,513kcal
연잎 영양밥,10%,"5,400","6,000","사찰음식의 대표적인 요리인 연잎밥을 선보여요. 비타민C가 풍부하고 은은한 향이 매력적인 국산 연잎을 덮어 밥을 짓고 연잎으로 포장하듯 말아 감쌌어요. 쫀득한 찹쌀을 비롯해 건대추, 흑미, 흰쌀을 국산 재료로 사용해 더욱 건강해요. 알록달록 3가지 토핑으로 올린 연근, 단호박, 호박씨는 채소의 영양과 근사한 비주얼을 선사해요. 전자레인지에 4분만 돌리면 건강한 연잎 영양밥이 뚝딱 완성됩니다! 
                            	
                                
                                    From. 밥상주치의 그리팅


",241g,395kcal
영양 찰팔보밥,10%,"3,870","4,300","데우면 바로 완성되는 간편한 즉석밥이지만 건강까지 챙기고픈 분들을 위해, 여덟 가지 귀한 곡물을 담은 영양 찰팔보밥을 준비했어요. 찹쌀과 차조, 팥과 같은 잡곡과 붉은 효모를 배양해 만든 기능성 쌀 홍국미, 연꽃이 씨앗인 연자육을 듬뿍 넣었어요. 영양을 가득 담은 찰팔보밥으로 우리 집 식탁을 더욱 건강하게 만들어 보세요. 
                            	
                                
                                    From. 밥상주치의 그리팅


",200g,620kcal
